[
  {
    "Name": "Adventure Island",
    "Url": [
      "https://archive.org/download/game-boy-collection/Adventure%20Island.zip"
    ]
  },
  {
    "Name": "Adventure Island II - Aliens in Paradise",
    "Url": [
      "https://archive.org/download/game-boy-collection/Adventure%20Island%20II%20-%20Aliens%20in%20Paradise.zip"
    ]
  },
  {
    "Name": "Adventures of Lolo",
    "Url": [
      "https://archive.org/download/game-boy-collection/Adventures%20of%20Lolo.zip"
    ]
  },
  {
    "Name": "Adventures of Star Saver, The",
    "Url": [
      "https://archive.org/download/game-boy-collection/Adventures%20of%20Star%20Saver%2C%20The.zip"
    ]
  },
  {
    "Name": "Aerostar",
    "Url": [
      "https://archive.org/download/game-boy-collection/Aerostar.zip"
    ]
  },
  {
    "Name": "Aladdin",
    "Url": [
      "https://archive.org/download/game-boy-collection/Aladdin.zip"
    ]
  },
  {
    "Name": "Alfred Chicken",
    "Url": [
      "https://archive.org/download/game-boy-collection/Alfred%20Chicken.zip"
    ]
  },
  {
    "Name": "All-Star Baseball 99",
    "Url": [
      "https://archive.org/download/game-boy-collection/All-Star%20Baseball%2099.zip"
    ]
  },
  {
    "Name": "Alleyway",
    "Url": [
      "https://archive.org/download/game-boy-collection/Alleyway.zip"
    ]
  },
  {
    "Name": "Amazing Penguin",
    "Url": [
      "https://archive.org/download/game-boy-collection/Amazing%20Penguin.zip"
    ]
  },
  {
    "Name": "Amazing Tater",
    "Url": [
      "https://archive.org/download/game-boy-collection/Amazing%20Tater.zip"
    ]
  },
  {
    "Name": "Arcade Classic No. 1 - Asteroids & Missile Command",
    "Url": [
      "https://archive.org/download/game-boy-collection/Arcade%20Classic%20No.%201%20-%20Asteroids%20%26%20Missile%20Command.zip"
    ]
  },
  {
    "Name": "Arcade Classic No. 2 - Centipede & Millipede",
    "Url": [
      "https://archive.org/download/game-boy-collection/Arcade%20Classic%20No.%202%20-%20Centipede%20%26%20Millipede.zip"
    ]
  },
  {
    "Name": "Arcade Classic No. 3 - Galaga & Galaxian",
    "Url": [
      "https://archive.org/download/game-boy-collection/Arcade%20Classic%20No.%203%20-%20Galaga%20%26%20Galaxian.zip"
    ]
  },
  {
    "Name": "Arcade Classic No. 4 - Defender & Joust",
    "Url": [
      "https://archive.org/download/game-boy-collection/Arcade%20Classic%20No.%204%20-%20Defender%20%26%20Joust.zip"
    ]
  },
  {
    "Name": "Arcade Classics - Super Breakout & Battlezone",
    "Url": [
      "https://archive.org/download/game-boy-collection/Arcade%20Classics%20-%20Super%20Breakout%20%26%20Battlezone.zip"
    ]
  },
  {
    "Name": "Asterix",
    "Url": [
      "https://archive.org/download/game-boy-collection/Asterix.zip"
    ]
  },
  {
    "Name": "Asterix & Obelix",
    "Url": [
      "https://archive.org/download/game-boy-collection/Asterix%20%26%20Obelix.zip"
    ]
  },
  {
    "Name": "Asteroids",
    "Url": [
      "https://archive.org/download/game-boy-collection/Asteroids.zip"
    ]
  },
  {
    "Name": "Atomic Punk",
    "Url": [
      "https://archive.org/download/game-boy-collection/Atomic%20Punk.zip"
    ]
  },
  {
    "Name": "Avenging Spirit",
    "Url": [
      "https://archive.org/download/game-boy-collection/Avenging%20Spirit.zip"
    ]
  },
  {
    "Name": "Balloon Kid",
    "Url": [
      "https://archive.org/download/game-boy-collection/Balloon%20Kid.zip"
    ]
  },
  {
    "Name": "Bases Loaded",
    "Url": [
      "https://archive.org/download/game-boy-collection/Bases%20Loaded.zip"
    ]
  },
  {
    "Name": "Batman - Return of the Joker",
    "Url": [
      "https://archive.org/download/game-boy-collection/Batman%20-%20Return%20of%20the%20Joker.zip"
    ]
  },
  {
    "Name": "Batman - The Animated Series",
    "Url": [
      "https://archive.org/download/game-boy-collection/Batman%20-%20The%20Animated%20Series.zip"
    ]
  },
  {
    "Name": "Batman - The Video Game",
    "Url": [
      "https://archive.org/download/game-boy-collection/Batman%20-%20The%20Video%20Game.zip"
    ]
  },
  {
    "Name": "Battle Arena Toshinden",
    "Url": [
      "https://archive.org/download/game-boy-collection/Battle%20Arena%20Toshinden.zip"
    ]
  },
  {
    "Name": "Battle of Olympus, The",
    "Url": [
      "https://archive.org/download/game-boy-collection/Battle%20of%20Olympus%2C%20The.zip"
    ]
  },
  {
    "Name": "Battle Unit Zeoth",
    "Url": [
      "https://archive.org/download/game-boy-collection/Battle%20Unit%20Zeoth.zip"
    ]
  },
  {
    "Name": "Battleship - The Classic Naval Combat Game",
    "Url": [
      "https://archive.org/download/game-boy-collection/Battleship%20-%20The%20Classic%20Naval%20Combat%20Game.zip"
    ]
  },
  {
    "Name": "Battletoads",
    "Url": [
      "https://archive.org/download/game-boy-collection/Battletoads.zip"
    ]
  },
  {
    "Name": "Battletoads & Double Dragon - The Ultimate Team",
    "Url": [
      "https://archive.org/download/game-boy-collection/Battletoads%20%26%20Double%20Dragon%20-%20The%20Ultimate%20Team.zip"
    ]
  },
  {
    "Name": "Battletoads in Ragnarok's World",
    "Url": [
      "https://archive.org/download/game-boy-collection/Battletoads%20in%20Ragnarok%27s%20World.zip"
    ]
  },
  {
    "Name": "Beavis and Butt-Head",
    "Url": [
      "https://archive.org/download/game-boy-collection/Beavis%20and%20Butt-Head.zip"
    ]
  },
  {
    "Name": "Bill Elliott's NASCAR Fast Tracks",
    "Url": [
      "https://archive.org/download/game-boy-collection/Bill%20Elliott%27s%20NASCAR%20Fast%20Tracks.zip"
    ]
  },
  {
    "Name": "Bionic Battler",
    "Url": [
      "https://archive.org/download/game-boy-collection/Bionic%20Battler.zip"
    ]
  },
  {
    "Name": "Bionic Commando",
    "Url": [
      "https://archive.org/download/game-boy-collection/Bionic%20Commando.zip"
    ]
  },
  {
    "Name": "Black Bass - Lure Fishing",
    "Url": [
      "https://archive.org/download/game-boy-collection/Black%20Bass%20-%20Lure%20Fishing.zip"
    ]
  },
  {
    "Name": "Blades of Steel",
    "Url": [
      "https://archive.org/download/game-boy-collection/Blades%20of%20Steel.zip"
    ]
  },
  {
    "Name": "Blaster Master Boy",
    "Url": [
      "https://archive.org/download/game-boy-collection/Blaster%20Master%20Boy.zip"
    ]
  },
  {
    "Name": "Bomb Jack",
    "Url": [
      "https://archive.org/download/game-boy-collection/Bomb%20Jack.zip"
    ]
  },
  {
    "Name": "Bomberman GB",
    "Url": [
      "https://archive.org/download/game-boy-collection/Bomberman%20GB.zip"
    ]
  },
  {
    "Name": "Bonk's Adventure",
    "Url": [
      "https://archive.org/download/game-boy-collection/Bonk%27s%20Adventure.zip"
    ]
  },
  {
    "Name": "Bonk's Revenge",
    "Url": [
      "https://archive.org/download/game-boy-collection/Bonk%27s%20Revenge.zip"
    ]
  },
  {
    "Name": "Boulder Dash",
    "Url": [
      "https://archive.org/download/game-boy-collection/Boulder%20Dash.zip"
    ]
  },
  {
    "Name": "Boxxle",
    "Url": [
      "https://archive.org/download/game-boy-collection/Boxxle.zip"
    ]
  },
  {
    "Name": "Boxxle II",
    "Url": [
      "https://archive.org/download/game-boy-collection/Boxxle%20II.zip"
    ]
  },
  {
    "Name": "Brain Drain",
    "Url": [
      "https://archive.org/download/game-boy-collection/Brain%20Drain.zip"
    ]
  },
  {
    "Name": "BreakThru!",
    "Url": [
      "https://archive.org/download/game-boy-collection/BreakThru%21.zip"
    ]
  },
  {
    "Name": "Bubble Bobble",
    "Url": [
      "https://archive.org/download/game-boy-collection/Bubble%20Bobble.zip"
    ]
  },
  {
    "Name": "Bubble Bobble Part 2",
    "Url": [
      "https://archive.org/download/game-boy-collection/Bubble%20Bobble%20Part%202.zip"
    ]
  },
  {
    "Name": "Bubble Ghost",
    "Url": [
      "https://archive.org/download/game-boy-collection/Bubble%20Ghost.zip"
    ]
  },
  {
    "Name": "Bugs Bunny Crazy Castle 2, The",
    "Url": [
      "https://archive.org/download/game-boy-collection/Bugs%20Bunny%20Crazy%20Castle%202%2C%20The.zip"
    ]
  },
  {
    "Name": "Bugs Bunny Crazy Castle, The",
    "Url": [
      "https://archive.org/download/game-boy-collection/Bugs%20Bunny%20Crazy%20Castle%2C%20The.zip"
    ]
  },
  {
    "Name": "Burai Fighter Deluxe",
    "Url": [
      "https://archive.org/download/game-boy-collection/Burai%20Fighter%20Deluxe.zip"
    ]
  },
  {
    "Name": "BurgerTime Deluxe",
    "Url": [
      "https://archive.org/download/game-boy-collection/BurgerTime%20Deluxe.zip"
    ]
  },
  {
    "Name": "Bust-A-Move 2 - Arcade Edition",
    "Url": [
      "https://archive.org/download/game-boy-collection/Bust-A-Move%202%20-%20Arcade%20Edition.zip"
    ]
  },
  {
    "Name": "Bust-A-Move 3 DX",
    "Url": [
      "https://archive.org/download/game-boy-collection/Bust-A-Move%203%20DX.zip"
    ]
  },
  {
    "Name": "Buster Bros.",
    "Url": [
      "https://archive.org/download/game-boy-collection/Buster%20Bros..zip"
    ]
  },
  {
    "Name": "Castle Quest",
    "Url": [
      "https://archive.org/download/game-boy-collection/Castle%20Quest.zip"
    ]
  },
  {
    "Name": "Castlevania - The Adventure",
    "Url": [
      "https://archive.org/download/game-boy-collection/Castlevania%20-%20The%20Adventure.zip"
    ]
  },
  {
    "Name": "Castlevania II - Belmont's Revenge",
    "Url": [
      "https://archive.org/download/game-boy-collection/Castlevania%20II%20-%20Belmont%27s%20Revenge.zip"
    ]
  },
  {
    "Name": "Castlevania Legends",
    "Url": [
      "https://archive.org/download/game-boy-collection/Castlevania%20Legends.zip"
    ]
  },
  {
    "Name": "Catrap",
    "Url": [
      "https://archive.org/download/game-boy-collection/Catrap.zip"
    ]
  },
  {
    "Name": "Championship Pool",
    "Url": [
      "https://archive.org/download/game-boy-collection/Championship%20Pool.zip"
    ]
  },
  {
    "Name": "Chase H.Q.",
    "Url": [
      "https://archive.org/download/game-boy-collection/Chase%20H.Q..zip"
    ]
  },
  {
    "Name": "Choplifter II",
    "Url": [
      "https://archive.org/download/game-boy-collection/Choplifter%20II.zip"
    ]
  },
  {
    "Name": "Choplifter III",
    "Url": [
      "https://archive.org/download/game-boy-collection/Choplifter%20III.zip"
    ]
  },
  {
    "Name": "College Slam",
    "Url": [
      "https://archive.org/download/game-boy-collection/College%20Slam.zip"
    ]
  },
  {
    "Name": "Contra - The Alien Wars",
    "Url": [
      "https://archive.org/download/game-boy-collection/Contra%20-%20The%20Alien%20Wars.zip"
    ]
  },
  {
    "Name": "Cool Ball",
    "Url": [
      "https://archive.org/download/game-boy-collection/Cool%20Ball.zip"
    ]
  },
  {
    "Name": "Cool Spot",
    "Url": [
      "https://archive.org/download/game-boy-collection/Cool%20Spot.zip"
    ]
  },
  {
    "Name": "Cosmo Tank",
    "Url": [
      "https://archive.org/download/game-boy-collection/Cosmo%20Tank.zip"
    ]
  },
  {
    "Name": "Cyraid",
    "Url": [
      "https://archive.org/download/game-boy-collection/Cyraid.zip"
    ]
  },
  {
    "Name": "Daedalian Opus",
    "Url": [
      "https://archive.org/download/game-boy-collection/Daedalian%20Opus.zip"
    ]
  },
  {
    "Name": "Daffy Duck",
    "Url": [
      "https://archive.org/download/game-boy-collection/Daffy%20Duck.zip"
    ]
  },
  {
    "Name": "Darkwing Duck",
    "Url": [
      "https://archive.org/download/game-boy-collection/Darkwing%20Duck.zip"
    ]
  },
  {
    "Name": "Dead Heat Scramble",
    "Url": [
      "https://archive.org/download/game-boy-collection/Dead%20Heat%20Scramble.zip"
    ]
  },
  {
    "Name": "Desert Strike - Return to the Gulf",
    "Url": [
      "https://archive.org/download/game-boy-collection/Desert%20Strike%20-%20Return%20to%20the%20Gulf.zip"
    ]
  },
  {
    "Name": "Dexterity",
    "Url": [
      "https://archive.org/download/game-boy-collection/Dexterity.zip"
    ]
  },
  {
    "Name": "Dig Dug",
    "Url": [
      "https://archive.org/download/game-boy-collection/Dig%20Dug.zip"
    ]
  },
  {
    "Name": "Donkey Kong",
    "Url": [
      "https://archive.org/download/game-boy-collection/Donkey%20Kong.zip"
    ]
  },
  {
    "Name": "Donkey Kong Land",
    "Url": [
      "https://archive.org/download/game-boy-collection/Donkey%20Kong%20Land.zip"
    ]
  },
  {
    "Name": "Donkey Kong Land 2",
    "Url": [
      "https://archive.org/download/game-boy-collection/Donkey%20Kong%20Land%202.zip"
    ]
  },
  {
    "Name": "Donkey Kong Land III",
    "Url": [
      "https://archive.org/download/game-boy-collection/Donkey%20Kong%20Land%20III.zip"
    ]
  },
  {
    "Name": "Double Dragon",
    "Url": [
      "https://archive.org/download/game-boy-collection/Double%20Dragon.zip"
    ]
  },
  {
    "Name": "Double Dragon 3 - The Arcade Game",
    "Url": [
      "https://archive.org/download/game-boy-collection/Double%20Dragon%203%20-%20The%20Arcade%20Game.zip"
    ]
  },
  {
    "Name": "Double Dragon II",
    "Url": [
      "https://archive.org/download/game-boy-collection/Double%20Dragon%20II.zip"
    ]
  },
  {
    "Name": "Double Dribble - 5-on-5",
    "Url": [
      "https://archive.org/download/game-boy-collection/Double%20Dribble%20-%205-on-5.zip"
    ]
  },
  {
    "Name": "Dr. Franken",
    "Url": [
      "https://archive.org/download/game-boy-collection/Dr.%20Franken.zip"
    ]
  },
  {
    "Name": "Dr. Franken II",
    "Url": [
      "https://archive.org/download/game-boy-collection/Dr.%20Franken%20II.zip"
    ]
  },
  {
    "Name": "Dr. Mario",
    "Url": [
      "https://archive.org/download/game-boy-collection/Dr.%20Mario.zip"
    ]
  },
  {
    "Name": "DuckTales",
    "Url": [
      "https://archive.org/download/game-boy-collection/DuckTales.zip"
    ]
  },
  {
    "Name": "DuckTales 2",
    "Url": [
      "https://archive.org/download/game-boy-collection/DuckTales%202.zip"
    ]
  },
  {
    "Name": "Earthworm Jim",
    "Url": [
      "https://archive.org/download/game-boy-collection/Earthworm%20Jim.zip"
    ]
  },
  {
    "Name": "Elevator Action",
    "Url": [
      "https://archive.org/download/game-boy-collection/Elevator%20Action.zip"
    ]
  },
  {
    "Name": "F-1 Race",
    "Url": [
      "https://archive.org/download/game-boy-collection/F-1%20Race.zip"
    ]
  },
  {
    "Name": "F-15 Strike Eagle",
    "Url": [
      "https://archive.org/download/game-boy-collection/F-15%20Strike%20Eagle.zip"
    ]
  },
  {
    "Name": "F1 Pole Position",
    "Url": [
      "https://archive.org/download/game-boy-collection/F1%20Pole%20Position.zip"
    ]
  },
  {
    "Name": "Faceball 2000",
    "Url": [
      "https://archive.org/download/game-boy-collection/Faceball%202000.zip"
    ]
  },
  {
    "Name": "Felix the Cat",
    "Url": [
      "https://archive.org/download/game-boy-collection/Felix%20the%20Cat.zip"
    ]
  },
  {
    "Name": "Ferrari Grand Prix Challenge",
    "Url": [
      "https://archive.org/download/game-boy-collection/Ferrari%20Grand%20Prix%20Challenge.zip"
    ]
  },
  {
    "Name": "FIFA 98 - Road to World Cup",
    "Url": [
      "https://archive.org/download/game-boy-collection/FIFA%2098%20-%20Road%20to%20World%20Cup.zip"
    ]
  },
  {
    "Name": "FIFA Soccer 97",
    "Url": [
      "https://archive.org/download/game-boy-collection/FIFA%20Soccer%2097.zip"
    ]
  },
  {
    "Name": "Fighting Simulator - 2-in-1 Flying Warriors",
    "Url": [
      "https://archive.org/download/game-boy-collection/Fighting%20Simulator%20-%202-in-1%20Flying%20Warriors.zip"
    ]
  },
  {
    "Name": "Final Fantasy Adventure",
    "Url": [
      "https://archive.org/download/game-boy-collection/Final%20Fantasy%20Adventure.zip"
    ]
  },
  {
    "Name": "Final Fantasy Legend II",
    "Url": [
      "https://archive.org/download/game-boy-collection/Final%20Fantasy%20Legend%20II.zip"
    ]
  },
  {
    "Name": "Final Fantasy Legend III",
    "Url": [
      "https://archive.org/download/game-boy-collection/Final%20Fantasy%20Legend%20III.zip"
    ]
  },
  {
    "Name": "Final Fantasy Legend, The",
    "Url": [
      "https://archive.org/download/game-boy-collection/Final%20Fantasy%20Legend%2C%20The.zip"
    ]
  },
  {
    "Name": "Fire Fighter",
    "Url": [
      "https://archive.org/download/game-boy-collection/Fire%20Fighter.zip"
    ]
  },
  {
    "Name": "Fish Dude",
    "Url": [
      "https://archive.org/download/game-boy-collection/Fish%20Dude.zip"
    ]
  },
  {
    "Name": "Flash, The",
    "Url": [
      "https://archive.org/download/game-boy-collection/Flash%2C%20The.zip"
    ]
  },
  {
    "Name": "Flintstones, The - King Rock Treasure Island",
    "Url": [
      "https://archive.org/download/game-boy-collection/Flintstones%2C%20The%20-%20King%20Rock%20Treasure%20Island.zip"
    ]
  },
  {
    "Name": "Flipull",
    "Url": [
      "https://archive.org/download/game-boy-collection/Flipull.zip"
    ]
  },
  {
    "Name": "Fortified Zone",
    "Url": [
      "https://archive.org/download/game-boy-collection/Fortified%20Zone.zip"
    ]
  },
  {
    "Name": "Frogger",
    "Url": [
      "https://archive.org/download/game-boy-collection/Frogger.zip"
    ]
  },
  {
    "Name": "Game & Watch Gallery",
    "Url": [
      "https://archive.org/download/game-boy-collection/Game%20%26%20Watch%20Gallery.zip"
    ]
  },
  {
    "Name": "Gargoyle's Quest",
    "Url": [
      "https://archive.org/download/game-boy-collection/Gargoyle%27s%20Quest.zip"
    ]
  },
  {
    "Name": "Gauntlet II",
    "Url": [
      "https://archive.org/download/game-boy-collection/Gauntlet%20II.zip"
    ]
  },
  {
    "Name": "Gear Works",
    "Url": [
      "https://archive.org/download/game-boy-collection/Gear%20Works.zip"
    ]
  },
  {
    "Name": "Ghostbusters II",
    "Url": [
      "https://archive.org/download/game-boy-collection/Ghostbusters%20II.zip"
    ]
  },
  {
    "Name": "Golf",
    "Url": [
      "https://archive.org/download/game-boy-collection/Golf.zip"
    ]
  },
  {
    "Name": "Gradius - The Interstellar Assault",
    "Url": [
      "https://archive.org/download/game-boy-collection/Gradius%20-%20The%20Interstellar%20Assault.zip"
    ]
  },
  {
    "Name": "Great Greed",
    "Url": [
      "https://archive.org/download/game-boy-collection/Great%20Greed.zip"
    ]
  },
  {
    "Name": "HAL Wrestling",
    "Url": [
      "https://archive.org/download/game-boy-collection/HAL%20Wrestling.zip"
    ]
  },
  {
    "Name": "Hammerin' Harry - Ghost Building Company",
    "Url": [
      "https://archive.org/download/game-boy-collection/Hammerin%27%20Harry%20-%20Ghost%20Building%20Company.zip"
    ]
  },
  {
    "Name": "Harvest Moon GB",
    "Url": [
      "https://archive.org/download/game-boy-collection/Harvest%20Moon%20GB.zip"
    ]
  },
  {
    "Name": "Hatris",
    "Url": [
      "https://archive.org/download/game-boy-collection/Hatris.zip"
    ]
  },
  {
    "Name": "Heiankyo Alien",
    "Url": [
      "https://archive.org/download/game-boy-collection/Heiankyo%20Alien.zip"
    ]
  },
  {
    "Name": "High Speed II - The Getaway",
    "Url": [
      "https://archive.org/download/game-boy-collection/High%20Speed%20II%20-%20The%20Getaway.zip"
    ]
  },
  {
    "Name": "High Stakes Gambling",
    "Url": [
      "https://archive.org/download/game-boy-collection/High%20Stakes%20Gambling.zip"
    ]
  },
  {
    "Name": "Hit the Ice",
    "Url": [
      "https://archive.org/download/game-boy-collection/Hit%20the%20Ice.zip"
    ]
  },
  {
    "Name": "Hook",
    "Url": [
      "https://archive.org/download/game-boy-collection/Hook.zip"
    ]
  },
  {
    "Name": "Hunchback of Notre Dame, The - 5 Foolishly Fun Topsy Turvy Games",
    "Url": [
      "https://archive.org/download/game-boy-collection/Hunchback%20of%20Notre%20Dame%2C%20The%20-%205%20Foolishly%20Fun%20Topsy%20Turvy%20Games.zip"
    ]
  },
  {
    "Name": "Hunt for Red October, The",
    "Url": [
      "https://archive.org/download/game-boy-collection/Hunt%20for%20Red%20October%2C%20The.zip"
    ]
  },
  {
    "Name": "Hyper Lode Runner",
    "Url": [
      "https://archive.org/download/game-boy-collection/Hyper%20Lode%20Runner.zip"
    ]
  },
  {
    "Name": "In Your Face",
    "Url": [
      "https://archive.org/download/game-boy-collection/In%20Your%20Face.zip"
    ]
  },
  {
    "Name": "International Superstar Soccer",
    "Url": [
      "https://archive.org/download/game-boy-collection/International%20Superstar%20Soccer.zip"
    ]
  },
  {
    "Name": "Iron Man and X-O Manowar in Heavy Metal",
    "Url": [
      "https://archive.org/download/game-boy-collection/Iron%20Man%20and%20X-O%20Manowar%20in%20Heavy%20Metal.zip"
    ]
  },
  {
    "Name": "Ishido - The Way of Stones",
    "Url": [
      "https://archive.org/download/game-boy-collection/Ishido%20-%20The%20Way%20of%20Stones.zip"
    ]
  },
  {
    "Name": "Jack Nicklaus Golf",
    "Url": [
      "https://archive.org/download/game-boy-collection/Jack%20Nicklaus%20Golf.zip"
    ]
  },
  {
    "Name": "James Bond 007",
    "Url": [
      "https://archive.org/download/game-boy-collection/James%20Bond%20007.zip"
    ]
  },
  {
    "Name": "Jetsons, The - Robot Panic",
    "Url": [
      "https://archive.org/download/game-boy-collection/Jetsons%2C%20The%20-%20Robot%20Panic.zip"
    ]
  },
  {
    "Name": "Jimmy Connors Tennis",
    "Url": [
      "https://archive.org/download/game-boy-collection/Jimmy%20Connors%20Tennis.zip"
    ]
  },
  {
    "Name": "Joe & Mac",
    "Url": [
      "https://archive.org/download/game-boy-collection/Joe%20%26%20Mac.zip"
    ]
  },
  {
    "Name": "Jungle Book, The",
    "Url": [
      "https://archive.org/download/game-boy-collection/Jungle%20Book%2C%20The.zip"
    ]
  },
  {
    "Name": "Jungle Strike - The Sequel to Desert Strike",
    "Url": [
      "https://archive.org/download/game-boy-collection/Jungle%20Strike%20-%20The%20Sequel%20to%20Desert%20Strike.zip"
    ]
  },
  {
    "Name": "Jurassic Park",
    "Url": [
      "https://archive.org/download/game-boy-collection/Jurassic%20Park.zip"
    ]
  },
  {
    "Name": "Jurassic Park Part 2 - The Chaos Continues",
    "Url": [
      "https://archive.org/download/game-boy-collection/Jurassic%20Park%20Part%202%20-%20The%20Chaos%20Continues.zip"
    ]
  },
  {
    "Name": "Ken Griffey Jr. Presents Major League Baseball",
    "Url": [
      "https://archive.org/download/game-boy-collection/Ken%20Griffey%20Jr.%20Presents%20Major%20League%20Baseball.zip"
    ]
  },
  {
    "Name": "Kid Dracula",
    "Url": [
      "https://archive.org/download/game-boy-collection/Kid%20Dracula.zip"
    ]
  },
  {
    "Name": "Kid Icarus - Of Myths and Monsters",
    "Url": [
      "https://archive.org/download/game-boy-collection/Kid%20Icarus%20-%20Of%20Myths%20and%20Monsters.zip"
    ]
  },
  {
    "Name": "Killer Instinct",
    "Url": [
      "https://archive.org/download/game-boy-collection/Killer%20Instinct.zip"
    ]
  },
  {
    "Name": "King of Fighters 95, The",
    "Url": [
      "https://archive.org/download/game-boy-collection/King%20of%20Fighters%2095%2C%20The.zip"
    ]
  },
  {
    "Name": "King of Fighters, The - Heat of Battle",
    "Url": [
      "https://archive.org/download/game-boy-collection/King%20of%20Fighters%2C%20The%20-%20Heat%20of%20Battle.zip"
    ]
  },
  {
    "Name": "Kingdom Crusade",
    "Url": [
      "https://archive.org/download/game-boy-collection/Kingdom%20Crusade.zip"
    ]
  },
  {
    "Name": "Kirby's Block Ball",
    "Url": [
      "https://archive.org/download/game-boy-collection/Kirby%27s%20Block%20Ball.zip"
    ]
  },
  {
    "Name": "Kirby's Dream Land",
    "Url": [
      "https://archive.org/download/game-boy-collection/Kirby%27s%20Dream%20Land.zip"
    ]
  },
  {
    "Name": "Kirby's Dream Land 2",
    "Url": [
      "https://archive.org/download/game-boy-collection/Kirby%27s%20Dream%20Land%202.zip"
    ]
  },
  {
    "Name": "Kirby's Pinball Land",
    "Url": [
      "https://archive.org/download/game-boy-collection/Kirby%27s%20Pinball%20Land.zip"
    ]
  },
  {
    "Name": "Kirby's Star Stacker",
    "Url": [
      "https://archive.org/download/game-boy-collection/Kirby%27s%20Star%20Stacker.zip"
    ]
  },
  {
    "Name": "Klax",
    "Url": [
      "https://archive.org/download/game-boy-collection/Klax.zip"
    ]
  },
  {
    "Name": "Knight Quest",
    "Url": [
      "https://archive.org/download/game-boy-collection/Knight%20Quest.zip"
    ]
  },
  {
    "Name": "Kung-Fu Master",
    "Url": [
      "https://archive.org/download/game-boy-collection/Kung-Fu%20Master.zip"
    ]
  },
  {
    "Name": "Kwirk - He's A-maze-ing!",
    "Url": [
      "https://archive.org/download/game-boy-collection/Kwirk%20-%20He%27s%20A-maze-ing%21.zip"
    ]
  },
  {
    "Name": "Lamborghini American Challenge",
    "Url": [
      "https://archive.org/download/game-boy-collection/Lamborghini%20American%20Challenge.zip"
    ]
  },
  {
    "Name": "Legend of the River King GB",
    "Url": [
      "https://archive.org/download/game-boy-collection/Legend%20of%20the%20River%20King%20GB.zip"
    ]
  },
  {
    "Name": "Legend of Zelda, The - Link's Awakening",
    "Url": [
      "https://archive.org/download/game-boy-collection/Legend%20of%20Zelda%2C%20The%20-%20Link%27s%20Awakening.zip"
    ]
  },
  {
    "Name": "Lemmings",
    "Url": [
      "https://archive.org/download/game-boy-collection/Lemmings.zip"
    ]
  },
  {
    "Name": "Lemmings 2 - The Tribes",
    "Url": [
      "https://archive.org/download/game-boy-collection/Lemmings%202%20-%20The%20Tribes.zip"
    ]
  },
  {
    "Name": "Lion King, The",
    "Url": [
      "https://archive.org/download/game-boy-collection/Lion%20King%2C%20The.zip"
    ]
  },
  {
    "Name": "Little Mermaid, The",
    "Url": [
      "https://archive.org/download/game-boy-collection/Little%20Mermaid%2C%20The.zip"
    ]
  },
  {
    "Name": "Lock 'n' Chase",
    "Url": [
      "https://archive.org/download/game-boy-collection/Lock%20%27n%27%20Chase.zip"
    ]
  },
  {
    "Name": "Looney Tunes",
    "Url": [
      "https://archive.org/download/game-boy-collection/Looney%20Tunes.zip"
    ]
  },
  {
    "Name": "Loopz",
    "Url": [
      "https://archive.org/download/game-boy-collection/Loopz.zip"
    ]
  },
  {
    "Name": "Lost World, The - Jurassic Park",
    "Url": [
      "https://archive.org/download/game-boy-collection/Lost%20World%2C%20The%20-%20Jurassic%20Park.zip"
    ]
  },
  {
    "Name": "Lucky Luke",
    "Url": [
      "https://archive.org/download/game-boy-collection/Lucky%20Luke.zip"
    ]
  },
  {
    "Name": "Lucle",
    "Url": [
      "https://archive.org/download/game-boy-collection/Lucle.zip"
    ]
  },
  {
    "Name": "Madden NFL 95",
    "Url": [
      "https://archive.org/download/game-boy-collection/Madden%20NFL%2095.zip"
    ]
  },
  {
    "Name": "Madden NFL 96",
    "Url": [
      "https://archive.org/download/game-boy-collection/Madden%20NFL%2096.zip"
    ]
  },
  {
    "Name": "Madden NFL 97",
    "Url": [
      "https://archive.org/download/game-boy-collection/Madden%20NFL%2097.zip"
    ]
  },
  {
    "Name": "Marble Madness",
    "Url": [
      "https://archive.org/download/game-boy-collection/Marble%20Madness.zip"
    ]
  },
  {
    "Name": "Mario's Picross",
    "Url": [
      "https://archive.org/download/game-boy-collection/Mario%27s%20Picross.zip"
    ]
  },
  {
    "Name": "Maru's Mission",
    "Url": [
      "https://archive.org/download/game-boy-collection/Maru%27s%20Mission.zip"
    ]
  },
  {
    "Name": "Maui Mallard in Cold Shadow",
    "Url": [
      "https://archive.org/download/game-boy-collection/Maui%20Mallard%20in%20Cold%20Shadow.zip"
    ]
  },
  {
    "Name": "Mega Man - Dr. Wily's Revenge",
    "Url": [
      "https://archive.org/download/game-boy-collection/Mega%20Man%20-%20Dr.%20Wily%27s%20Revenge.zip"
    ]
  },
  {
    "Name": "Mega Man II",
    "Url": [
      "https://archive.org/download/game-boy-collection/Mega%20Man%20II.zip"
    ]
  },
  {
    "Name": "Mega Man III",
    "Url": [
      "https://archive.org/download/game-boy-collection/Mega%20Man%20III.zip"
    ]
  },
  {
    "Name": "Mega Man IV",
    "Url": [
      "https://archive.org/download/game-boy-collection/Mega%20Man%20IV.zip"
    ]
  },
  {
    "Name": "Mega Man V",
    "Url": [
      "https://archive.org/download/game-boy-collection/Mega%20Man%20V.zip"
    ]
  },
  {
    "Name": "Megalit",
    "Url": [
      "https://archive.org/download/game-boy-collection/Megalit.zip"
    ]
  },
  {
    "Name": "Mercenary Force",
    "Url": [
      "https://archive.org/download/game-boy-collection/Mercenary%20Force.zip"
    ]
  },
  {
    "Name": "Metal Masters",
    "Url": [
      "https://archive.org/download/game-boy-collection/Metal%20Masters.zip"
    ]
  },
  {
    "Name": "Metroid II - Return of Samus",
    "Url": [
      "https://archive.org/download/game-boy-collection/Metroid%20II%20-%20Return%20of%20Samus.zip"
    ]
  },
  {
    "Name": "Mickey Mouse - Magic Wands!",
    "Url": [
      "https://archive.org/download/game-boy-collection/Mickey%20Mouse%20-%20Magic%20Wands%21.zip"
    ]
  },
  {
    "Name": "Mickey's Dangerous Chase",
    "Url": [
      "https://archive.org/download/game-boy-collection/Mickey%27s%20Dangerous%20Chase.zip"
    ]
  },
  {
    "Name": "Mickey's Ultimate Challenge",
    "Url": [
      "https://archive.org/download/game-boy-collection/Mickey%27s%20Ultimate%20Challenge.zip"
    ]
  },
  {
    "Name": "Micro Machines",
    "Url": [
      "https://archive.org/download/game-boy-collection/Micro%20Machines.zip"
    ]
  },
  {
    "Name": "Micro Machines 2 - Turbo Tournament",
    "Url": [
      "https://archive.org/download/game-boy-collection/Micro%20Machines%202%20-%20Turbo%20Tournament.zip"
    ]
  },
  {
    "Name": "Mighty Morphin Power Rangers",
    "Url": [
      "https://archive.org/download/game-boy-collection/Mighty%20Morphin%20Power%20Rangers.zip"
    ]
  },
  {
    "Name": "Mighty Morphin Power Rangers - The Movie",
    "Url": [
      "https://archive.org/download/game-boy-collection/Mighty%20Morphin%20Power%20Rangers%20-%20The%20Movie.zip"
    ]
  },
  {
    "Name": "Milon's Secret Castle",
    "Url": [
      "https://archive.org/download/game-boy-collection/Milon%27s%20Secret%20Castle.zip"
    ]
  },
  {
    "Name": "Miner 2049er Starring Bounty Bob",
    "Url": [
      "https://archive.org/download/game-boy-collection/Miner%202049er%20Starring%20Bounty%20Bob.zip"
    ]
  },
  {
    "Name": "Missile Command",
    "Url": [
      "https://archive.org/download/game-boy-collection/Missile%20Command.zip"
    ]
  },
  {
    "Name": "Mole Mania",
    "Url": [
      "https://archive.org/download/game-boy-collection/Mole%20Mania.zip"
    ]
  },
  {
    "Name": "Monopoly",
    "Url": [
      "https://archive.org/download/game-boy-collection/Monopoly.zip"
    ]
  },
  {
    "Name": "Monster Max",
    "Url": [
      "https://archive.org/download/game-boy-collection/Monster%20Max.zip"
    ]
  },
  {
    "Name": "Monster Truck Wars",
    "Url": [
      "https://archive.org/download/game-boy-collection/Monster%20Truck%20Wars.zip"
    ]
  },
  {
    "Name": "Mortal Kombat",
    "Url": [
      "https://archive.org/download/game-boy-collection/Mortal%20Kombat.zip"
    ]
  },
  {
    "Name": "Mortal Kombat 3",
    "Url": [
      "https://archive.org/download/game-boy-collection/Mortal%20Kombat%203.zip"
    ]
  },
  {
    "Name": "Mortal Kombat II",
    "Url": [
      "https://archive.org/download/game-boy-collection/Mortal%20Kombat%20II.zip"
    ]
  },
  {
    "Name": "Motocross Maniacs",
    "Url": [
      "https://archive.org/download/game-boy-collection/Motocross%20Maniacs.zip"
    ]
  },
  {
    "Name": "Mr. Chin's Gourmet Paradise",
    "Url": [
      "https://archive.org/download/game-boy-collection/Mr.%20Chin%27s%20Gourmet%20Paradise.zip"
    ]
  },
  {
    "Name": "Mr. Do!",
    "Url": [
      "https://archive.org/download/game-boy-collection/Mr.%20Do%21.zip"
    ]
  },
  {
    "Name": "Mr. Nutz",
    "Url": [
      "https://archive.org/download/game-boy-collection/Mr.%20Nutz.zip"
    ]
  },
  {
    "Name": "Ms. Pac-Man",
    "Url": [
      "https://archive.org/download/game-boy-collection/Ms.%20Pac-Man.zip"
    ]
  },
  {
    "Name": "Mysterium",
    "Url": [
      "https://archive.org/download/game-boy-collection/Mysterium.zip"
    ]
  },
  {
    "Name": "Mystical Ninja Starring Goemon",
    "Url": [
      "https://archive.org/download/game-boy-collection/Mystical%20Ninja%20Starring%20Goemon.zip"
    ]
  },
  {
    "Name": "NBA All-Star Challenge",
    "Url": [
      "https://archive.org/download/game-boy-collection/NBA%20All-Star%20Challenge.zip"
    ]
  },
  {
    "Name": "NBA All-Star Challenge 2",
    "Url": [
      "https://archive.org/download/game-boy-collection/NBA%20All-Star%20Challenge%202.zip"
    ]
  },
  {
    "Name": "NBA Jam",
    "Url": [
      "https://archive.org/download/game-boy-collection/NBA%20Jam.zip"
    ]
  },
  {
    "Name": "NBA Jam - Tournament Edition",
    "Url": [
      "https://archive.org/download/game-boy-collection/NBA%20Jam%20-%20Tournament%20Edition.zip"
    ]
  },
  {
    "Name": "NBA Live 96",
    "Url": [
      "https://archive.org/download/game-boy-collection/NBA%20Live%2096.zip"
    ]
  },
  {
    "Name": "Nemesis",
    "Url": [
      "https://archive.org/download/game-boy-collection/Nemesis.zip"
    ]
  },
  {
    "Name": "NFL Quarterback Club 96",
    "Url": [
      "https://archive.org/download/game-boy-collection/NFL%20Quarterback%20Club%2096.zip"
    ]
  },
  {
    "Name": "Nigel Mansell's World Championship Racing",
    "Url": [
      "https://archive.org/download/game-boy-collection/Nigel%20Mansell%27s%20World%20Championship%20Racing.zip"
    ]
  },
  {
    "Name": "Ninja Boy",
    "Url": [
      "https://archive.org/download/game-boy-collection/Ninja%20Boy.zip"
    ]
  },
  {
    "Name": "Ninja Boy 2",
    "Url": [
      "https://archive.org/download/game-boy-collection/Ninja%20Boy%202.zip"
    ]
  },
  {
    "Name": "Ninja Gaiden Shadow",
    "Url": [
      "https://archive.org/download/game-boy-collection/Ninja%20Gaiden%20Shadow.zip"
    ]
  },
  {
    "Name": "Ninja Taro",
    "Url": [
      "https://archive.org/download/game-boy-collection/Ninja%20Taro.zip"
    ]
  },
  {
    "Name": "Nintendo World Cup",
    "Url": [
      "https://archive.org/download/game-boy-collection/Nintendo%20World%20Cup.zip"
    ]
  },
  {
    "Name": "Nobunaga's Ambition",
    "Url": [
      "https://archive.org/download/game-boy-collection/Nobunaga%27s%20Ambition.zip"
    ]
  },
  {
    "Name": "Oddworld Adventures",
    "Url": [
      "https://archive.org/download/game-boy-collection/Oddworld%20Adventures.zip"
    ]
  },
  {
    "Name": "Olympic Summer Games",
    "Url": [
      "https://archive.org/download/game-boy-collection/Olympic%20Summer%20Games.zip"
    ]
  },
  {
    "Name": "Operation C",
    "Url": [
      "https://archive.org/download/game-boy-collection/Operation%20C.zip"
    ]
  },
  {
    "Name": "Pac-Attack",
    "Url": [
      "https://archive.org/download/game-boy-collection/Pac-Attack.zip"
    ]
  },
  {
    "Name": "Pac-In-Time",
    "Url": [
      "https://archive.org/download/game-boy-collection/Pac-In-Time.zip"
    ]
  },
  {
    "Name": "Pac-Man",
    "Url": [
      "https://archive.org/download/game-boy-collection/Pac-Man.zip"
    ]
  },
  {
    "Name": "Paperboy",
    "Url": [
      "https://archive.org/download/game-boy-collection/Paperboy.zip"
    ]
  },
  {
    "Name": "Paperboy 2",
    "Url": [
      "https://archive.org/download/game-boy-collection/Paperboy%202.zip"
    ]
  },
  {
    "Name": "Parasol Stars - Rainbow Islands II",
    "Url": [
      "https://archive.org/download/game-boy-collection/Parasol%20Stars%20-%20Rainbow%20Islands%20II.zip"
    ]
  },
  {
    "Name": "Parodius",
    "Url": [
      "https://archive.org/download/game-boy-collection/Parodius.zip"
    ]
  },
  {
    "Name": "Penguin Wars",
    "Url": [
      "https://archive.org/download/game-boy-collection/Penguin%20Wars.zip"
    ]
  },
  {
    "Name": "PGA European Tour",
    "Url": [
      "https://archive.org/download/game-boy-collection/PGA%20European%20Tour.zip"
    ]
  },
  {
    "Name": "PGA Tour 96",
    "Url": [
      "https://archive.org/download/game-boy-collection/PGA%20Tour%2096.zip"
    ]
  },
  {
    "Name": "Pinball Dreams",
    "Url": [
      "https://archive.org/download/game-boy-collection/Pinball%20Dreams.zip"
    ]
  },
  {
    "Name": "Pinball Fantasies",
    "Url": [
      "https://archive.org/download/game-boy-collection/Pinball%20Fantasies.zip"
    ]
  },
  {
    "Name": "Pipe Dream",
    "Url": [
      "https://archive.org/download/game-boy-collection/Pipe%20Dream.zip"
    ]
  },
  {
    "Name": "Pokemon Blue Version",
    "Url": [
      "https://archive.org/download/game-boy-collection/Pokemon%20Blue%20Version.zip"
    ]
  },
  {
    "Name": "Pokemon Red Version",
    "Url": [
      "https://archive.org/download/game-boy-collection/Pokemon%20Red%20Version.zip"
    ]
  },
  {
    "Name": "Pokemon Yellow Version - Special Pikachu Edition",
    "Url": [
      "https://archive.org/download/game-boy-collection/Pokemon%20Yellow%20Version%20-%20Special%20Pikachu%20Edition.zip"
    ]
  },
  {
    "Name": "Pop'n TwinBee",
    "Url": [
      "https://archive.org/download/game-boy-collection/Pop%27n%20TwinBee.zip"
    ]
  },
  {
    "Name": "Popeye 2",
    "Url": [
      "https://archive.org/download/game-boy-collection/Popeye%202.zip"
    ]
  },
  {
    "Name": "Power Racer",
    "Url": [
      "https://archive.org/download/game-boy-collection/Power%20Racer.zip"
    ]
  },
  {
    "Name": "Primal Rage",
    "Url": [
      "https://archive.org/download/game-boy-collection/Primal%20Rage.zip"
    ]
  },
  {
    "Name": "Prince of Persia",
    "Url": [
      "https://archive.org/download/game-boy-collection/Prince%20of%20Persia.zip"
    ]
  },
  {
    "Name": "Pyramids of Ra",
    "Url": [
      "https://archive.org/download/game-boy-collection/Pyramids%20of%20Ra.zip"
    ]
  },
  {
    "Name": "Q-bert",
    "Url": [
      "https://archive.org/download/game-boy-collection/Q-bert.zip"
    ]
  },
  {
    "Name": "Qix",
    "Url": [
      "https://archive.org/download/game-boy-collection/Qix.zip"
    ]
  },
  {
    "Name": "Quarth",
    "Url": [
      "https://archive.org/download/game-boy-collection/Quarth.zip"
    ]
  },
  {
    "Name": "R-Type",
    "Url": [
      "https://archive.org/download/game-boy-collection/R-Type.zip"
    ]
  },
  {
    "Name": "R-Type II",
    "Url": [
      "https://archive.org/download/game-boy-collection/R-Type%20II.zip"
    ]
  },
  {
    "Name": "Race Drivin'",
    "Url": [
      "https://archive.org/download/game-boy-collection/Race%20Drivin%27.zip"
    ]
  },
  {
    "Name": "Radar Mission",
    "Url": [
      "https://archive.org/download/game-boy-collection/Radar%20Mission.zip"
    ]
  },
  {
    "Name": "Rampart",
    "Url": [
      "https://archive.org/download/game-boy-collection/Rampart.zip"
    ]
  },
  {
    "Name": "Real Ghostbusters, The",
    "Url": [
      "https://archive.org/download/game-boy-collection/Real%20Ghostbusters%2C%20The.zip"
    ]
  },
  {
    "Name": "Rescue of Princess Blobette, The",
    "Url": [
      "https://archive.org/download/game-boy-collection/Rescue%20of%20Princess%20Blobette%2C%20The.zip"
    ]
  },
  {
    "Name": "Revenge of the 'Gator",
    "Url": [
      "https://archive.org/download/game-boy-collection/Revenge%20of%20the%20%27Gator.zip"
    ]
  },
  {
    "Name": "Road Rash",
    "Url": [
      "https://archive.org/download/game-boy-collection/Road%20Rash.zip"
    ]
  },
  {
    "Name": "RoboCop",
    "Url": [
      "https://archive.org/download/game-boy-collection/RoboCop.zip"
    ]
  },
  {
    "Name": "Rod Land",
    "Url": [
      "https://archive.org/download/game-boy-collection/Rod%20Land.zip"
    ]
  },
  {
    "Name": "Rolan's Curse",
    "Url": [
      "https://archive.org/download/game-boy-collection/Rolan%27s%20Curse.zip"
    ]
  },
  {
    "Name": "Rolan's Curse 2",
    "Url": [
      "https://archive.org/download/game-boy-collection/Rolan%27s%20Curse%202.zip"
    ]
  },
  {
    "Name": "Samurai Shodown",
    "Url": [
      "https://archive.org/download/game-boy-collection/Samurai%20Shodown.zip"
    ]
  },
  {
    "Name": "Sea Battle",
    "Url": [
      "https://archive.org/download/game-boy-collection/Sea%20Battle.zip"
    ]
  },
  {
    "Name": "Sensible Soccer - European Champions",
    "Url": [
      "https://archive.org/download/game-boy-collection/Sensible%20Soccer%20-%20European%20Champions.zip"
    ]
  },
  {
    "Name": "Serpent",
    "Url": [
      "https://archive.org/download/game-boy-collection/Serpent.zip"
    ]
  },
  {
    "Name": "Shanghai",
    "Url": [
      "https://archive.org/download/game-boy-collection/Shanghai.zip"
    ]
  },
  {
    "Name": "Shaq-Fu",
    "Url": [
      "https://archive.org/download/game-boy-collection/Shaq-Fu.zip"
    ]
  },
  {
    "Name": "Side Pocket",
    "Url": [
      "https://archive.org/download/game-boy-collection/Side%20Pocket.zip"
    ]
  },
  {
    "Name": "Skate or Die - Bad 'n Rad",
    "Url": [
      "https://archive.org/download/game-boy-collection/Skate%20or%20Die%20-%20Bad%20%27n%20Rad.zip"
    ]
  },
  {
    "Name": "Smurfs Travel the World, The",
    "Url": [
      "https://archive.org/download/game-boy-collection/Smurfs%20Travel%20the%20World%2C%20The.zip"
    ]
  },
  {
    "Name": "Smurfs, The",
    "Url": [
      "https://archive.org/download/game-boy-collection/Smurfs%2C%20The.zip"
    ]
  },
  {
    "Name": "Snoopy's Magic Show",
    "Url": [
      "https://archive.org/download/game-boy-collection/Snoopy%27s%20Magic%20Show.zip"
    ]
  },
  {
    "Name": "Snow Brothers",
    "Url": [
      "https://archive.org/download/game-boy-collection/Snow%20Brothers.zip"
    ]
  },
  {
    "Name": "Solar Striker",
    "Url": [
      "https://archive.org/download/game-boy-collection/Solar%20Striker.zip"
    ]
  },
  {
    "Name": "Solitaire FunPak",
    "Url": [
      "https://archive.org/download/game-boy-collection/Solitaire%20FunPak.zip"
    ]
  },
  {
    "Name": "Solomon's Club",
    "Url": [
      "https://archive.org/download/game-boy-collection/Solomon%27s%20Club.zip"
    ]
  },
  {
    "Name": "Space Invaders",
    "Url": [
      "https://archive.org/download/game-boy-collection/Space%20Invaders.zip"
    ]
  },
  {
    "Name": "Spanky's Quest",
    "Url": [
      "https://archive.org/download/game-boy-collection/Spanky%27s%20Quest.zip"
    ]
  },
  {
    "Name": "Speedy Gonzales",
    "Url": [
      "https://archive.org/download/game-boy-collection/Speedy%20Gonzales.zip"
    ]
  },
  {
    "Name": "Sports Illustrated - Championship Football & Baseball",
    "Url": [
      "https://archive.org/download/game-boy-collection/Sports%20Illustrated%20-%20Championship%20Football%20%26%20Baseball.zip"
    ]
  },
  {
    "Name": "Sports Illustrated - Golf Classic",
    "Url": [
      "https://archive.org/download/game-boy-collection/Sports%20Illustrated%20-%20Golf%20Classic.zip"
    ]
  },
  {
    "Name": "Star Hawk",
    "Url": [
      "https://archive.org/download/game-boy-collection/Star%20Hawk.zip"
    ]
  },
  {
    "Name": "Star Trek - 25th Anniversary",
    "Url": [
      "https://archive.org/download/game-boy-collection/Star%20Trek%20-%2025th%20Anniversary.zip"
    ]
  },
  {
    "Name": "Star Trek - The Next Generation",
    "Url": [
      "https://archive.org/download/game-boy-collection/Star%20Trek%20-%20The%20Next%20Generation.zip"
    ]
  },
  {
    "Name": "Star Wars",
    "Url": [
      "https://archive.org/download/game-boy-collection/Star%20Wars.zip"
    ]
  },
  {
    "Name": "Star Wars - The Empire Strikes Back",
    "Url": [
      "https://archive.org/download/game-boy-collection/Star%20Wars%20-%20The%20Empire%20Strikes%20Back.zip"
    ]
  },
  {
    "Name": "Stop That Roach!",
    "Url": [
      "https://archive.org/download/game-boy-collection/Stop%20That%20Roach%21.zip"
    ]
  },
  {
    "Name": "Street Fighter II - The World Warrior",
    "Url": [
      "https://archive.org/download/game-boy-collection/Street%20Fighter%20II%20-%20The%20World%20Warrior.zip"
    ]
  },
  {
    "Name": "Street Racer",
    "Url": [
      "https://archive.org/download/game-boy-collection/Street%20Racer.zip"
    ]
  },
  {
    "Name": "Sumo Fighter",
    "Url": [
      "https://archive.org/download/game-boy-collection/Sumo%20Fighter.zip"
    ]
  },
  {
    "Name": "Super Battletank - War in the Gulf",
    "Url": [
      "https://archive.org/download/game-boy-collection/Super%20Battletank%20-%20War%20in%20the%20Gulf.zip"
    ]
  },
  {
    "Name": "Super Black Bass",
    "Url": [
      "https://archive.org/download/game-boy-collection/Super%20Black%20Bass.zip"
    ]
  },
  {
    "Name": "Super Chase H.Q.",
    "Url": [
      "https://archive.org/download/game-boy-collection/Super%20Chase%20H.Q..zip"
    ]
  },
  {
    "Name": "Super Hunchback",
    "Url": [
      "https://archive.org/download/game-boy-collection/Super%20Hunchback.zip"
    ]
  },
  {
    "Name": "Super Mario Land",
    "Url": [
      "https://archive.org/download/game-boy-collection/Super%20Mario%20Land.zip"
    ]
  },
  {
    "Name": "Super Mario Land 2 - 6 Golden Coins",
    "Url": [
      "https://archive.org/download/game-boy-collection/Super%20Mario%20Land%202%20-%206%20Golden%20Coins.zip"
    ]
  },
  {
    "Name": "Super Mario Land 3 - Wario Land",
    "Url": [
      "https://archive.org/download/game-boy-collection/Super%20Mario%20Land%203%20-%20Wario%20Land.zip"
    ]
  },
  {
    "Name": "Super Off Road",
    "Url": [
      "https://archive.org/download/game-boy-collection/Super%20Off%20Road.zip"
    ]
  },
  {
    "Name": "Super R.C. Pro-Am",
    "Url": [
      "https://archive.org/download/game-boy-collection/Super%20R.C.%20Pro-Am.zip"
    ]
  },
  {
    "Name": "Super Scrabble",
    "Url": [
      "https://archive.org/download/game-boy-collection/Super%20Scrabble.zip"
    ]
  },
  {
    "Name": "Super Star Wars - Return of the Jedi",
    "Url": [
      "https://archive.org/download/game-boy-collection/Super%20Star%20Wars%20-%20Return%20of%20the%20Jedi.zip"
    ]
  },
  {
    "Name": "Sword of Hope II, The",
    "Url": [
      "https://archive.org/download/game-boy-collection/Sword%20of%20Hope%20II%2C%20The.zip"
    ]
  },
  {
    "Name": "Sword of Hope, The",
    "Url": [
      "https://archive.org/download/game-boy-collection/Sword%20of%20Hope%2C%20The.zip"
    ]
  },
  {
    "Name": "Tail 'Gator",
    "Url": [
      "https://archive.org/download/game-boy-collection/Tail%20%27Gator.zip"
    ]
  },
  {
    "Name": "TaleSpin",
    "Url": [
      "https://archive.org/download/game-boy-collection/TaleSpin.zip"
    ]
  },
  {
    "Name": "Tamagotchi",
    "Url": [
      "https://archive.org/download/game-boy-collection/Tamagotchi.zip"
    ]
  },
  {
    "Name": "Taz-Mania",
    "Url": [
      "https://archive.org/download/game-boy-collection/Taz-Mania.zip"
    ]
  },
  {
    "Name": "Tecmo Bowl",
    "Url": [
      "https://archive.org/download/game-boy-collection/Tecmo%20Bowl.zip"
    ]
  },
  {
    "Name": "Teenage Mutant Ninja Turtles - Fall of the Foot Clan",
    "Url": [
      "https://archive.org/download/game-boy-collection/Teenage%20Mutant%20Ninja%20Turtles%20-%20Fall%20of%20the%20Foot%20Clan.zip"
    ]
  },
  {
    "Name": "Teenage Mutant Ninja Turtles II - Back from the Sewers",
    "Url": [
      "https://archive.org/download/game-boy-collection/Teenage%20Mutant%20Ninja%20Turtles%20II%20-%20Back%20from%20the%20Sewers.zip"
    ]
  },
  {
    "Name": "Teenage Mutant Ninja Turtles III - Radical Rescue",
    "Url": [
      "https://archive.org/download/game-boy-collection/Teenage%20Mutant%20Ninja%20Turtles%20III%20-%20Radical%20Rescue.zip"
    ]
  },
  {
    "Name": "Tennis",
    "Url": [
      "https://archive.org/download/game-boy-collection/Tennis.zip"
    ]
  },
  {
    "Name": "Tesserae",
    "Url": [
      "https://archive.org/download/game-boy-collection/Tesserae.zip"
    ]
  },
  {
    "Name": "Tetris",
    "Url": [
      "https://archive.org/download/game-boy-collection/Tetris.zip"
    ]
  },
  {
    "Name": "Tetris 2",
    "Url": [
      "https://archive.org/download/game-boy-collection/Tetris%202.zip"
    ]
  },
  {
    "Name": "Tetris Attack",
    "Url": [
      "https://archive.org/download/game-boy-collection/Tetris%20Attack.zip"
    ]
  },
  {
    "Name": "Tetris Blast",
    "Url": [
      "https://archive.org/download/game-boy-collection/Tetris%20Blast.zip"
    ]
  },
  {
    "Name": "Tetris Plus",
    "Url": [
      "https://archive.org/download/game-boy-collection/Tetris%20Plus.zip"
    ]
  },
  {
    "Name": "Tintin - Prisoners of the Sun",
    "Url": [
      "https://archive.org/download/game-boy-collection/Tintin%20-%20Prisoners%20of%20the%20Sun.zip"
    ]
  },
  {
    "Name": "Tintin in Tibet",
    "Url": [
      "https://archive.org/download/game-boy-collection/Tintin%20in%20Tibet.zip"
    ]
  },
  {
    "Name": "Tiny Toon Adventures - Babs' Big Break",
    "Url": [
      "https://archive.org/download/game-boy-collection/Tiny%20Toon%20Adventures%20-%20Babs%27%20Big%20Break.zip"
    ]
  },
  {
    "Name": "Tiny Toon Adventures - Wacky Sports Challenge",
    "Url": [
      "https://archive.org/download/game-boy-collection/Tiny%20Toon%20Adventures%20-%20Wacky%20Sports%20Challenge.zip"
    ]
  },
  {
    "Name": "Tiny Toon Adventures 2 - Montana's Movie Madness",
    "Url": [
      "https://archive.org/download/game-boy-collection/Tiny%20Toon%20Adventures%202%20-%20Montana%27s%20Movie%20Madness.zip"
    ]
  },
  {
    "Name": "Tom and Jerry",
    "Url": [
      "https://archive.org/download/game-boy-collection/Tom%20and%20Jerry.zip"
    ]
  },
  {
    "Name": "Tom and Jerry - Frantic Antics!",
    "Url": [
      "https://archive.org/download/game-boy-collection/Tom%20and%20Jerry%20-%20Frantic%20Antics%21.zip"
    ]
  },
  {
    "Name": "Top Rank Tennis",
    "Url": [
      "https://archive.org/download/game-boy-collection/Top%20Rank%20Tennis.zip"
    ]
  },
  {
    "Name": "Toy Story",
    "Url": [
      "https://archive.org/download/game-boy-collection/Toy%20Story.zip"
    ]
  },
  {
    "Name": "Track & Field",
    "Url": [
      "https://archive.org/download/game-boy-collection/Track%20%26%20Field.zip"
    ]
  },
  {
    "Name": "Trax",
    "Url": [
      "https://archive.org/download/game-boy-collection/Trax.zip"
    ]
  },
  {
    "Name": "Trip World",
    "Url": [
      "https://archive.org/download/game-boy-collection/Trip%20World.zip"
    ]
  },
  {
    "Name": "True Lies",
    "Url": [
      "https://archive.org/download/game-boy-collection/True%20Lies.zip"
    ]
  },
  {
    "Name": "Tumble Pop",
    "Url": [
      "https://archive.org/download/game-boy-collection/Tumble%20Pop.zip"
    ]
  },
  {
    "Name": "Turok - Battle of the Bionosaurs",
    "Url": [
      "https://archive.org/download/game-boy-collection/Turok%20-%20Battle%20of%20the%20Bionosaurs.zip"
    ]
  },
  {
    "Name": "Turrican",
    "Url": [
      "https://archive.org/download/game-boy-collection/Turrican.zip"
    ]
  },
  {
    "Name": "Ultima - Runes of Virtue",
    "Url": [
      "https://archive.org/download/game-boy-collection/Ultima%20-%20Runes%20of%20Virtue.zip"
    ]
  },
  {
    "Name": "Ultima - Runes of Virtue II",
    "Url": [
      "https://archive.org/download/game-boy-collection/Ultima%20-%20Runes%20of%20Virtue%20II.zip"
    ]
  },
  {
    "Name": "Universal Soldier",
    "Url": [
      "https://archive.org/download/game-boy-collection/Universal%20Soldier.zip"
    ]
  },
  {
    "Name": "Urban Strike - The Sequel to Jungle Strike",
    "Url": [
      "https://archive.org/download/game-boy-collection/Urban%20Strike%20-%20The%20Sequel%20to%20Jungle%20Strike.zip"
    ]
  },
  {
    "Name": "V-Rally - Championship Edition",
    "Url": [
      "https://archive.org/download/game-boy-collection/V-Rally%20-%20Championship%20Edition.zip"
    ]
  },
  {
    "Name": "Vegas Stakes",
    "Url": [
      "https://archive.org/download/game-boy-collection/Vegas%20Stakes.zip"
    ]
  },
  {
    "Name": "Wario Blast Featuring Bomberman!",
    "Url": [
      "https://archive.org/download/game-boy-collection/Wario%20Blast%20Featuring%20Bomberman%21.zip"
    ]
  },
  {
    "Name": "Wario Land II",
    "Url": [
      "https://archive.org/download/game-boy-collection/Wario%20Land%20II.zip"
    ]
  },
  {
    "Name": "Wave Race",
    "Url": [
      "https://archive.org/download/game-boy-collection/Wave%20Race.zip"
    ]
  },
  {
    "Name": "WCW - The Main Event",
    "Url": [
      "https://archive.org/download/game-boy-collection/WCW%20-%20The%20Main%20Event.zip"
    ]
  },
  {
    "Name": "Who Framed Roger Rabbit",
    "Url": [
      "https://archive.org/download/game-boy-collection/Who%20Framed%20Roger%20Rabbit.zip"
    ]
  },
  {
    "Name": "Wild Snake",
    "Url": [
      "https://archive.org/download/game-boy-collection/Wild%20Snake.zip"
    ]
  },
  {
    "Name": "Winter Olympic Games - Lillehammer '94",
    "Url": [
      "https://archive.org/download/game-boy-collection/Winter%20Olympic%20Games%20-%20Lillehammer%20%2794.zip"
    ]
  },
  {
    "Name": "Wizards & Warriors X - Fortress of Fear",
    "Url": [
      "https://archive.org/download/game-boy-collection/Wizards%20%26%20Warriors%20X%20-%20Fortress%20of%20Fear.zip"
    ]
  },
  {
    "Name": "Word Zap",
    "Url": [
      "https://archive.org/download/game-boy-collection/Word%20Zap.zip"
    ]
  },
  {
    "Name": "Wordtris",
    "Url": [
      "https://archive.org/download/game-boy-collection/Wordtris.zip"
    ]
  },
  {
    "Name": "World Cup 98",
    "Url": [
      "https://archive.org/download/game-boy-collection/World%20Cup%2098.zip"
    ]
  },
  {
    "Name": "World Heroes 2 Jet",
    "Url": [
      "https://archive.org/download/game-boy-collection/World%20Heroes%202%20Jet.zip"
    ]
  },
  {
    "Name": "Worms",
    "Url": [
      "https://archive.org/download/game-boy-collection/Worms.zip"
    ]
  },
  {
    "Name": "WWF King of the Ring",
    "Url": [
      "https://archive.org/download/game-boy-collection/WWF%20King%20of%20the%20Ring.zip"
    ]
  },
  {
    "Name": "WWF Superstars",
    "Url": [
      "https://archive.org/download/game-boy-collection/WWF%20Superstars.zip"
    ]
  },
  {
    "Name": "WWF Superstars 2",
    "Url": [
      "https://archive.org/download/game-boy-collection/WWF%20Superstars%202.zip"
    ]
  },
  {
    "Name": "WWF War Zone",
    "Url": [
      "https://archive.org/download/game-boy-collection/WWF%20War%20Zone.zip"
    ]
  },
  {
    "Name": "Xenon 2 - Megablast",
    "Url": [
      "https://archive.org/download/game-boy-collection/Xenon%202%20-%20Megablast.zip"
    ]
  },
  {
    "Name": "Yoshi",
    "Url": [
      "https://archive.org/download/game-boy-collection/Yoshi.zip"
    ]
  },
  {
    "Name": "Yoshi's Cookie",
    "Url": [
      "https://archive.org/download/game-boy-collection/Yoshi%27s%20Cookie.zip"
    ]
  },
  {
    "Name": "Zen - Intergalactic Ninja",
    "Url": [
      "https://archive.org/download/game-boy-collection/Zen%20-%20Intergalactic%20Ninja.zip"
    ]
  },
  {
    "Name": "Zool - Ninja of the ''Nth'' Dimension",
    "Url": [
      "https://archive.org/download/game-boy-collection/Zool%20-%20Ninja%20of%20the%20%27%27Nth%27%27%20Dimension.zip"
    ]
  },
  {
    "Name": "Zoop",
    "Url": [
      "https://archive.org/download/game-boy-collection/Zoop.zip"
    ]
  }
]