[
  {
    "Name": "10 Second Ninja X",
    "Url": [
      "https://myrient.erista.me/files/Internet%20Archive/aitus95/PSVITA_MAIDUMP//10%20Second%20Ninja%20X.rar"
    ]
  },
  {
    "Name": "A Boy and His Blob",
    "Url": [
      "https://myrient.erista.me/files/Internet%20Archive/aitus95/PSVITA_MAIDUMP//A%20Boy%20and%20His%20Blob.rar"
    ]
  },
  {
    "Name": "A Virus Named TOM",
    "Url": [
      "https://myrient.erista.me/files/Internet%20Archive/aitus95/PSVITA_MAIDUMP//A%20Virus%20Named%20TOM.rar"
    ]
  },
  {
    "Name": "A.O.T. Wings of Freedom",
    "Url": [
      "https://myrient.erista.me/files/Internet%20Archive/aitus95/PSVITA_MAIDUMP//A.O.T.%20Wings%20of%20Freedom.rar"
    ]
  },
  {
    "Name": "A.W.  Phoenix Festa",
    "Url": [
      "https://myrient.erista.me/files/Internet%20Archive/aitus95/PSVITA_MAIDUMP//A.W.%20%20Phoenix%20Festa.rar"
    ]
  },
  {
    "Name": "Actual Sunlight",
    "Url": [
      "https://myrient.erista.me/files/Internet%20Archive/aitus95/PSVITA_MAIDUMP//Actual%20Sunlight.rar"
    ]
  },
  {
    "Name": "Adventures of Mana",
    "Url": [
      "https://myrient.erista.me/files/Internet%20Archive/aitus95/PSVITA_MAIDUMP//Adventures%20of%20Mana.rar"
    ]
  },
  {
    "Name": "Aegis of Earth Protonovus Assault",
    "Url": [
      "https://myrient.erista.me/files/Internet%20Archive/aitus95/PSVITA_MAIDUMP//Aegis%20of%20Earth%20Protonovus%20Assault.rar"
    ]
  },
  {
    "Name": "Air",
    "Url": [
      "https://myrient.erista.me/files/Internet%20Archive/aitus95/PSVITA_MAIDUMP//Air.rar"
    ]
  },
  {
    "Name": "AKB1149 Renai Sousenkyo",
    "Url": [
      "https://myrient.erista.me/files/Internet%20Archive/aitus95/PSVITA_MAIDUMP//AKB1149%20Renai%20Sousenkyo.rar"
    ]
  },
  {
    "Name": "Akiba's Trip Undead & Undressed",
    "Url": [
      "https://myrient.erista.me/files/Internet%20Archive/aitus95/PSVITA_MAIDUMP//Akiba%27s%20Trip%20Undead%20%26%20Undressed.rar"
    ]
  },
  {
    "Name": "Alien Breed",
    "Url": [
      "https://myrient.erista.me/files/Internet%20Archive/aitus95/PSVITA_MAIDUMP//Alien%20Breed.rar"
    ]
  },
  {
    "Name": "Amnesia Memories",
    "Url": [
      "https://myrient.erista.me/files/Internet%20Archive/aitus95/PSVITA_MAIDUMP//Amnesia%20Memories.rar"
    ]
  },
  {
    "Name": "Angry Birds Star Wars",
    "Url": [
      "https://myrient.erista.me/files/Internet%20Archive/aitus95/PSVITA_MAIDUMP//Angry%20Birds%20Star%20Wars.rar"
    ]
  },
  {
    "Name": "Ao no Kanata no Four Rhythm",
    "Url": [
      "https://myrient.erista.me/files/Internet%20Archive/aitus95/PSVITA_MAIDUMP//Ao%20no%20Kanata%20no%20Four%20Rhythm.rar"
    ]
  },
  {
    "Name": "Ar nosurge Plus Ode to an Unborn Star",
    "Url": [
      "https://myrient.erista.me/files/Internet%20Archive/aitus95/PSVITA_MAIDUMP//Ar%20nosurge%20Plus%20Ode%20to%20an%20Unborn%20Star.rar"
    ]
  },
  {
    "Name": "Arcana Heart 3 LOVEMAX!!!!!",
    "Url": [
      "https://myrient.erista.me/files/Internet%20Archive/aitus95/PSVITA_MAIDUMP//Arcana%20Heart%203%20LOVEMAX%21%21%21%21%21.rar"
    ]
  },
  {
    "Name": "Army Corps of Hell",
    "Url": [
      "https://myrient.erista.me/files/Internet%20Archive/aitus95/PSVITA_MAIDUMP//Army%20Corps%20of%20Hell.rar"
    ]
  },
  {
    "Name": "Assasins creed chronicles",
    "Url": [
      "https://myrient.erista.me/files/Internet%20Archive/aitus95/PSVITA_MAIDUMP//Assasins%20creed%20chronicles.rar"
    ]
  },
  {
    "Name": "Assassins Creed III Liberation",
    "Url": [
      "https://myrient.erista.me/files/Internet%20Archive/aitus95/PSVITA_MAIDUMP//Assassins%20Creed%20III%20Liberation.rar"
    ]
  },
  {
    "Name": "Assault Gunners",
    "Url": [
      "https://myrient.erista.me/files/Internet%20Archive/aitus95/PSVITA_MAIDUMP//Assault%20Gunners.rar"
    ]
  },
  {
    "Name": "Atelier Ayesha The Alchemist of Dusk",
    "Url": [
      "https://myrient.erista.me/files/Internet%20Archive/aitus95/PSVITA_MAIDUMP//Atelier%20Ayesha%20The%20Alchemist%20of%20Dusk.rar"
    ]
  },
  {
    "Name": "Atelier Escha & Logy Plus",
    "Url": [
      "https://myrient.erista.me/files/Internet%20Archive/aitus95/PSVITA_MAIDUMP//Atelier%20Escha%20%26%20Logy%20Plus.rar"
    ]
  },
  {
    "Name": "Atelier Meruru Plus",
    "Url": [
      "https://myrient.erista.me/files/Internet%20Archive/aitus95/PSVITA_MAIDUMP//Atelier%20Meruru%20Plus.rar"
    ]
  },
  {
    "Name": "Atelier Rorona Plus",
    "Url": [
      "https://myrient.erista.me/files/Internet%20Archive/aitus95/PSVITA_MAIDUMP//Atelier%20Rorona%20Plus.rar"
    ]
  },
  {
    "Name": "Atelier Shallie Plus Alchemists of the Dusk Sea",
    "Url": [
      "https://myrient.erista.me/files/Internet%20Archive/aitus95/PSVITA_MAIDUMP//Atelier%20Shallie%20Plus%20Alchemists%20of%20the%20Dusk%20Sea.rar"
    ]
  },
  {
    "Name": "Atelier Sophie",
    "Url": [
      "https://myrient.erista.me/files/Internet%20Archive/aitus95/PSVITA_MAIDUMP//Atelier%20Sophie.rar"
    ]
  },
  {
    "Name": "Atelier Totori Plus The Adventurer of Arland",
    "Url": [
      "https://myrient.erista.me/files/Internet%20Archive/aitus95/PSVITA_MAIDUMP//Atelier%20Totori%20Plus%20The%20Adventurer%20of%20Arland.rar"
    ]
  },
  {
    "Name": "Badland - Game of the Year Edition",
    "Url": [
      "https://myrient.erista.me/files/Internet%20Archive/aitus95/PSVITA_MAIDUMP//Badland%20-%20Game%20of%20the%20Year%20Edition.rar"
    ]
  },
  {
    "Name": "Ben 10 Galactic Racing",
    "Url": [
      "https://myrient.erista.me/files/Internet%20Archive/aitus95/PSVITA_MAIDUMP//Ben%2010%20Galactic%20Racing.rar"
    ]
  },
  {
    "Name": "Best of Arcade Games",
    "Url": [
      "https://myrient.erista.me/files/Internet%20Archive/aitus95/PSVITA_MAIDUMP//Best%20of%20Arcade%20Games.rar"
    ]
  },
  {
    "Name": "BlazBlue Continuum Shift EXTEND",
    "Url": [
      "https://myrient.erista.me/files/Internet%20Archive/aitus95/PSVITA_MAIDUMP//BlazBlue%20Continuum%20Shift%20EXTEND.rar"
    ]
  },
  {
    "Name": "Borderlands 2",
    "Url": [
      "https://myrient.erista.me/files/Internet%20Archive/aitus95/PSVITA_MAIDUMP//Borderlands%202.rar"
    ]
  },
  {
    "Name": "BreakQuest Extra Evolution",
    "Url": [
      "https://myrient.erista.me/files/Internet%20Archive/aitus95/PSVITA_MAIDUMP//BreakQuest%20Extra%20Evolution.rar"
    ]
  },
  {
    "Name": "Broken Age",
    "Url": [
      "https://myrient.erista.me/files/Internet%20Archive/aitus95/PSVITA_MAIDUMP//Broken%20Age.rar"
    ]
  },
  {
    "Name": "Bullet Girls",
    "Url": [
      "https://myrient.erista.me/files/Internet%20Archive/aitus95/PSVITA_MAIDUMP//Bullet%20Girls.rar"
    ]
  },
  {
    "Name": "Bullet Girls 2",
    "Url": [
      "https://myrient.erista.me/files/Internet%20Archive/aitus95/PSVITA_MAIDUMP//Bullet%20Girls%202.rar"
    ]
  },
  {
    "Name": "Caligula",
    "Url": [
      "https://myrient.erista.me/files/Internet%20Archive/aitus95/PSVITA_MAIDUMP//Caligula.rar"
    ]
  },
  {
    "Name": "Call of Duty Black Ops Declassified",
    "Url": [
      "https://myrient.erista.me/files/Internet%20Archive/aitus95/PSVITA_MAIDUMP//Call%20of%20Duty%20Black%20Ops%20Declassified.rar"
    ]
  },
  {
    "Name": "Captain Earth Mind Labyrinth",
    "Url": [
      "https://myrient.erista.me/files/Internet%20Archive/aitus95/PSVITA_MAIDUMP//Captain%20Earth%20Mind%20Labyrinth.rar"
    ]
  },
  {
    "Name": "Child of Light",
    "Url": [
      "https://myrient.erista.me/files/Internet%20Archive/aitus95/PSVITA_MAIDUMP//Child%20of%20Light.rar"
    ]
  },
  {
    "Name": "Chronovolt",
    "Url": [
      "https://myrient.erista.me/files/Internet%20Archive/aitus95/PSVITA_MAIDUMP//Chronovolt.rar"
    ]
  },
  {
    "Name": "Ciel noSurge OFFLINE",
    "Url": [
      "https://myrient.erista.me/files/Internet%20Archive/aitus95/PSVITA_MAIDUMP//Ciel%20noSurge%20OFFLINE.rar"
    ]
  },
  {
    "Name": "Civilization Revolution 2 Plus",
    "Url": [
      "https://myrient.erista.me/files/Internet%20Archive/aitus95/PSVITA_MAIDUMP//Civilization%20Revolution%202%20Plus.rar"
    ]
  },
  {
    "Name": "Classic Dungeon Sengoku",
    "Url": [
      "https://myrient.erista.me/files/Internet%20Archive/aitus95/PSVITA_MAIDUMP//Classic%20Dungeon%20Sengoku.rar"
    ]
  },
  {
    "Name": "Coconut Dodge Revitalised",
    "Url": [
      "https://myrient.erista.me/files/Internet%20Archive/aitus95/PSVITA_MAIDUMP//Coconut%20Dodge%20Revitalised.rar"
    ]
  },
  {
    "Name": "Code Realize ~Guardian of Rebirth~",
    "Url": [
      "https://myrient.erista.me/files/Internet%20Archive/aitus95/PSVITA_MAIDUMP//Code%20Realize%20~Guardian%20of%20Rebirth~.rar"
    ]
  },
  {
    "Name": "Color Guardians",
    "Url": [
      "https://myrient.erista.me/files/Internet%20Archive/aitus95/PSVITA_MAIDUMP//Color%20Guardians.rar"
    ]
  },
  {
    "Name": "Conception II",
    "Url": [
      "https://myrient.erista.me/files/Internet%20Archive/aitus95/PSVITA_MAIDUMP//Conception%20II.rar"
    ]
  },
  {
    "Name": "Corpse Party Blood Drive",
    "Url": [
      "https://myrient.erista.me/files/Internet%20Archive/aitus95/PSVITA_MAIDUMP//Corpse%20Party%20Blood%20Drive.rar"
    ]
  },
  {
    "Name": "CounterSpy",
    "Url": [
      "https://myrient.erista.me/files/Internet%20Archive/aitus95/PSVITA_MAIDUMP//CounterSpy.rar"
    ]
  },
  {
    "Name": "Criminal Girls 2 Party Favors",
    "Url": [
      "https://myrient.erista.me/files/Internet%20Archive/aitus95/PSVITA_MAIDUMP//Criminal%20Girls%202%20Party%20Favors.rar"
    ]
  },
  {
    "Name": "Criminal Girls Invite Only",
    "Url": [
      "https://myrient.erista.me/files/Internet%20Archive/aitus95/PSVITA_MAIDUMP//Criminal%20Girls%20Invite%20Only.rar"
    ]
  },
  {
    "Name": "Croixleur Sigma",
    "Url": [
      "https://myrient.erista.me/files/Internet%20Archive/aitus95/PSVITA_MAIDUMP//Croixleur%20Sigma.rar"
    ]
  },
  {
    "Name": "Crypt of the NecroDancer",
    "Url": [
      "https://myrient.erista.me/files/Internet%20Archive/aitus95/PSVITA_MAIDUMP//Crypt%20of%20the%20NecroDancer.rar"
    ]
  },
  {
    "Name": "Dai-3-Ji Super Robot Taisen Z Jigoku-hen",
    "Url": [
      "https://myrient.erista.me/files/Internet%20Archive/aitus95/PSVITA_MAIDUMP//Dai-3-Ji%20Super%20Robot%20Taisen%20Z%20Jigoku-hen.rar"
    ]
  },
  {
    "Name": "Dai-3-Ji Super Robot Taisen Z Tengoku-hen",
    "Url": [
      "https://myrient.erista.me/files/Internet%20Archive/aitus95/PSVITA_MAIDUMP//Dai-3-Ji%20Super%20Robot%20Taisen%20Z%20Tengoku-hen.rar"
    ]
  },
  {
    "Name": "Daitoshokan no Hitsujikai Library Party",
    "Url": [
      "https://myrient.erista.me/files/Internet%20Archive/aitus95/PSVITA_MAIDUMP//Daitoshokan%20no%20Hitsujikai%20Library%20Party.rar"
    ]
  },
  {
    "Name": "Damascus Gear Operation Tokyo",
    "Url": [
      "https://myrient.erista.me/files/Internet%20Archive/aitus95/PSVITA_MAIDUMP//Damascus%20Gear%20Operation%20Tokyo.rar"
    ]
  },
  {
    "Name": "Danganronpa 2 Goodbye Despair",
    "Url": [
      "https://myrient.erista.me/files/Internet%20Archive/aitus95/PSVITA_MAIDUMP//Danganronpa%202%20Goodbye%20Despair.rar"
    ]
  },
  {
    "Name": "Danganronpa Another Episode Ultra Despair Girls",
    "Url": [
      "https://myrient.erista.me/files/Internet%20Archive/aitus95/PSVITA_MAIDUMP//Danganronpa%20Another%20Episode%20Ultra%20Despair%20Girls.rar"
    ]
  },
  {
    "Name": "Danganronpa Trigger Happy Havoc",
    "Url": [
      "https://myrient.erista.me/files/Internet%20Archive/aitus95/PSVITA_MAIDUMP//Danganronpa%20Trigger%20Happy%20Havoc.rar"
    ]
  },
  {
    "Name": "Dariusburst Chronicle Saviours",
    "Url": [
      "https://myrient.erista.me/files/Internet%20Archive/aitus95/PSVITA_MAIDUMP//Dariusburst%20Chronicle%20Saviours.rar"
    ]
  },
  {
    "Name": "Date-A-Live Twin Edition Rio Reincarnation",
    "Url": [
      "https://myrient.erista.me/files/Internet%20Archive/aitus95/PSVITA_MAIDUMP//Date-A-Live%20Twin%20Edition%20Rio%20Reincarnation.rar"
    ]
  },
  {
    "Name": "Dead Nation",
    "Url": [
      "https://myrient.erista.me/files/Internet%20Archive/aitus95/PSVITA_MAIDUMP//Dead%20Nation.rar"
    ]
  },
  {
    "Name": "Dead or Alive Xtreme 3 Venus",
    "Url": [
      "https://myrient.erista.me/files/Internet%20Archive/aitus95/PSVITA_MAIDUMP//Dead%20or%20Alive%20Xtreme%203%20Venus.rar"
    ]
  },
  {
    "Name": "Deception IV Blood Ties",
    "Url": [
      "https://myrient.erista.me/files/Internet%20Archive/aitus95/PSVITA_MAIDUMP//Deception%20IV%20Blood%20Ties.rar"
    ]
  },
  {
    "Name": "Deception IV The Nightmare Princess",
    "Url": [
      "https://myrient.erista.me/files/Internet%20Archive/aitus95/PSVITA_MAIDUMP//Deception%20IV%20The%20Nightmare%20Princess.rar"
    ]
  },
  {
    "Name": "Deemo Last Recital",
    "Url": [
      "https://myrient.erista.me/files/Internet%20Archive/aitus95/PSVITA_MAIDUMP//Deemo%20Last%20Recital.rar"
    ]
  },
  {
    "Name": "Demon Gaze",
    "Url": [
      "https://myrient.erista.me/files/Internet%20Archive/aitus95/PSVITA_MAIDUMP//Demon%20Gaze.rar"
    ]
  },
  {
    "Name": "Demon Gaze II",
    "Url": [
      "https://myrient.erista.me/files/Internet%20Archive/aitus95/PSVITA_MAIDUMP//Demon%20Gaze%20II.rar"
    ]
  },
  {
    "Name": "Digimon Story Cyber Sleuth",
    "Url": [
      "https://myrient.erista.me/files/Internet%20Archive/aitus95/PSVITA_MAIDUMP//Digimon%20Story%20Cyber%20Sleuth.rar"
    ]
  },
  {
    "Name": "Digimon World Next Order",
    "Url": [
      "https://myrient.erista.me/files/Internet%20Archive/aitus95/PSVITA_MAIDUMP//Digimon%20World%20Next%20Order.rar"
    ]
  },
  {
    "Name": "Disgaea 3 Absence of Detention",
    "Url": [
      "https://myrient.erista.me/files/Internet%20Archive/aitus95/PSVITA_MAIDUMP//Disgaea%203%20Absence%20of%20Detention.rar"
    ]
  },
  {
    "Name": "Disgaea 4 A Promise Revisited",
    "Url": [
      "https://myrient.erista.me/files/Internet%20Archive/aitus95/PSVITA_MAIDUMP//Disgaea%204%20A%20Promise%20Revisited.rar"
    ]
  },
  {
    "Name": "Dont Starve Giant Edition",
    "Url": [
      "https://myrient.erista.me/files/Internet%20Archive/aitus95/PSVITA_MAIDUMP//Dont%20Starve%20Giant%20Edition.rar"
    ]
  },
  {
    "Name": "Doodle Devil",
    "Url": [
      "https://myrient.erista.me/files/Internet%20Archive/aitus95/PSVITA_MAIDUMP//Doodle%20Devil.rar"
    ]
  },
  {
    "Name": "Doodle God",
    "Url": [
      "https://myrient.erista.me/files/Internet%20Archive/aitus95/PSVITA_MAIDUMP//Doodle%20God.rar"
    ]
  },
  {
    "Name": "Downwell",
    "Url": [
      "https://myrient.erista.me/files/Internet%20Archive/aitus95/PSVITA_MAIDUMP//Downwell.rar"
    ]
  },
  {
    "Name": "Dragon Fin Soup",
    "Url": [
      "https://myrient.erista.me/files/Internet%20Archive/aitus95/PSVITA_MAIDUMP//Dragon%20Fin%20Soup.rar"
    ]
  },
  {
    "Name": "DRAGON QUEST BUILDERS",
    "Url": [
      "https://myrient.erista.me/files/Internet%20Archive/aitus95/PSVITA_MAIDUMP//DRAGON%20QUEST%20BUILDERS.rar"
    ]
  },
  {
    "Name": "Dragons Crown",
    "Url": [
      "https://myrient.erista.me/files/Internet%20Archive/aitus95/PSVITA_MAIDUMP//Dragons%20Crown.rar"
    ]
  },
  {
    "Name": "Dream C Club Zero Portable",
    "Url": [
      "https://myrient.erista.me/files/Internet%20Archive/aitus95/PSVITA_MAIDUMP//Dream%20C%20Club%20Zero%20Portable.rar"
    ]
  },
  {
    "Name": "Duke Nukem 3D Megaton Edition",
    "Url": [
      "https://myrient.erista.me/files/Internet%20Archive/aitus95/PSVITA_MAIDUMP//Duke%20Nukem%203D%20Megaton%20Edition.rar"
    ]
  },
  {
    "Name": "Dungeon Hunter Alliance",
    "Url": [
      "https://myrient.erista.me/files/Internet%20Archive/aitus95/PSVITA_MAIDUMP//Dungeon%20Hunter%20Alliance.rar"
    ]
  },
  {
    "Name": "Dungeon Travelers 2",
    "Url": [
      "https://myrient.erista.me/files/Internet%20Archive/aitus95/PSVITA_MAIDUMP//Dungeon%20Travelers%202.rar"
    ]
  },
  {
    "Name": "Dungeon Travelers 2 The Royal Library & the Monster Seal",
    "Url": [
      "https://myrient.erista.me/files/Internet%20Archive/aitus95/PSVITA_MAIDUMP//Dungeon%20Travelers%202%20The%20Royal%20Library%20%26%20the%20Monster%20Seal.rar"
    ]
  },
  {
    "Name": "Dynasty Warriors 8 Xtreme Legends",
    "Url": [
      "https://myrient.erista.me/files/Internet%20Archive/aitus95/PSVITA_MAIDUMP//Dynasty%20Warriors%208%20Xtreme%20Legends.rar"
    ]
  },
  {
    "Name": "Earth Defense Force 2",
    "Url": [
      "https://myrient.erista.me/files/Internet%20Archive/aitus95/PSVITA_MAIDUMP//Earth%20Defense%20Force%202.rar"
    ]
  },
  {
    "Name": "Eiyuu Densetsu Zero no Kiseki Evolution",
    "Url": [
      "https://myrient.erista.me/files/Internet%20Archive/aitus95/PSVITA_MAIDUMP//Eiyuu%20Densetsu%20Zero%20no%20Kiseki%20Evolution.rar"
    ]
  },
  {
    "Name": "Entwined",
    "Url": [
      "https://myrient.erista.me/files/Internet%20Archive/aitus95/PSVITA_MAIDUMP//Entwined.rar"
    ]
  },
  {
    "Name": "Escape Plan",
    "Url": [
      "https://myrient.erista.me/files/Internet%20Archive/aitus95/PSVITA_MAIDUMP//Escape%20Plan.rar"
    ]
  },
  {
    "Name": "Exist Archive",
    "Url": [
      "https://myrient.erista.me/files/Internet%20Archive/aitus95/PSVITA_MAIDUMP//Exist%20Archive.rar"
    ]
  },
  {
    "Name": "Farming Simulator 14",
    "Url": [
      "https://myrient.erista.me/files/Internet%20Archive/aitus95/PSVITA_MAIDUMP//Farming%20Simulator%2014.rar"
    ]
  },
  {
    "Name": "Fatehollow ataraxia",
    "Url": [
      "https://myrient.erista.me/files/Internet%20Archive/aitus95/PSVITA_MAIDUMP//Fatehollow%20ataraxia.rar"
    ]
  },
  {
    "Name": "FateStay Night Realta Nua",
    "Url": [
      "https://myrient.erista.me/files/Internet%20Archive/aitus95/PSVITA_MAIDUMP//FateStay%20Night%20Realta%20Nua.rar"
    ]
  },
  {
    "Name": "Final Fantasy X HD",
    "Url": [
      "https://myrient.erista.me/files/Internet%20Archive/aitus95/PSVITA_MAIDUMP//Final%20Fantasy%20X%20HD.rar"
    ]
  },
  {
    "Name": "Final Fantasy X-2",
    "Url": [
      "https://myrient.erista.me/files/Internet%20Archive/aitus95/PSVITA_MAIDUMP//Final%20Fantasy%20X-2.rar"
    ]
  },
  {
    "Name": "Final Horizon",
    "Url": [
      "https://myrient.erista.me/files/Internet%20Archive/aitus95/PSVITA_MAIDUMP//Final%20Horizon.rar"
    ]
  },
  {
    "Name": "Flame Over",
    "Url": [
      "https://myrient.erista.me/files/Internet%20Archive/aitus95/PSVITA_MAIDUMP//Flame%20Over.rar"
    ]
  },
  {
    "Name": "Flower",
    "Url": [
      "https://myrient.erista.me/files/Internet%20Archive/aitus95/PSVITA_MAIDUMP//Flower.rar"
    ]
  },
  {
    "Name": "Freedom Wars",
    "Url": [
      "https://myrient.erista.me/files/Internet%20Archive/aitus95/PSVITA_MAIDUMP//Freedom%20Wars.rar"
    ]
  },
  {
    "Name": "Frobisher Says!",
    "Url": [
      "https://myrient.erista.me/files/Internet%20Archive/aitus95/PSVITA_MAIDUMP//Frobisher%20Says%21.rar"
    ]
  },
  {
    "Name": "Futuridium EP Deluxe",
    "Url": [
      "https://myrient.erista.me/files/Internet%20Archive/aitus95/PSVITA_MAIDUMP//Futuridium%20EP%20Deluxe.rar"
    ]
  },
  {
    "Name": "GalGun Double Peace",
    "Url": [
      "https://myrient.erista.me/files/Internet%20Archive/aitus95/PSVITA_MAIDUMP//GalGun%20Double%20Peace.rar"
    ]
  },
  {
    "Name": "Gekijouban Madoka Magicka The Battle Pentagram",
    "Url": [
      "https://myrient.erista.me/files/Internet%20Archive/aitus95/PSVITA_MAIDUMP//Gekijouban%20Madoka%20Magicka%20The%20Battle%20Pentagram.rar"
    ]
  },
  {
    "Name": "Genkai Tokki Moero Crystal",
    "Url": [
      "https://myrient.erista.me/files/Internet%20Archive/aitus95/PSVITA_MAIDUMP//Genkai%20Tokki%20Moero%20Crystal.rar"
    ]
  },
  {
    "Name": "Geometry Wars 3",
    "Url": [
      "https://myrient.erista.me/files/Internet%20Archive/aitus95/PSVITA_MAIDUMP//Geometry%20Wars%203.rar"
    ]
  },
  {
    "Name": "Girls & Panzer Senshado, Kiwamemasu!",
    "Url": [
      "https://myrient.erista.me/files/Internet%20Archive/aitus95/PSVITA_MAIDUMP//Girls%20%26%20Panzer%20Senshado%2C%20Kiwamemasu%21.rar"
    ]
  },
  {
    "Name": "God Eater 2 Rage Burst",
    "Url": [
      "https://myrient.erista.me/files/Internet%20Archive/aitus95/PSVITA_MAIDUMP//God%20Eater%202%20Rage%20Burst.rar"
    ]
  },
  {
    "Name": "God Eater Resurrection",
    "Url": [
      "https://myrient.erista.me/files/Internet%20Archive/aitus95/PSVITA_MAIDUMP//God%20Eater%20Resurrection.rar"
    ]
  },
  {
    "Name": "Golden Time Vivid Memories",
    "Url": [
      "https://myrient.erista.me/files/Internet%20Archive/aitus95/PSVITA_MAIDUMP//Golden%20Time%20Vivid%20Memories.rar"
    ]
  },
  {
    "Name": "Grand Kingdom",
    "Url": [
      "https://myrient.erista.me/files/Internet%20Archive/aitus95/PSVITA_MAIDUMP//Grand%20Kingdom.rar"
    ]
  },
  {
    "Name": "Gravity Rush",
    "Url": [
      "https://myrient.erista.me/files/Internet%20Archive/aitus95/PSVITA_MAIDUMP//Gravity%20Rush.rar"
    ]
  },
  {
    "Name": "Grim Fandango Remastered",
    "Url": [
      "https://myrient.erista.me/files/Internet%20Archive/aitus95/PSVITA_MAIDUMP//Grim%20Fandango%20Remastered.rar"
    ]
  },
  {
    "Name": "Guacamelee!",
    "Url": [
      "https://myrient.erista.me/files/Internet%20Archive/aitus95/PSVITA_MAIDUMP//Guacamelee%21.rar"
    ]
  },
  {
    "Name": "GUNDAM BREAKER 3",
    "Url": [
      "https://myrient.erista.me/files/Internet%20Archive/aitus95/PSVITA_MAIDUMP//GUNDAM%20BREAKER%203.rar"
    ]
  },
  {
    "Name": "Haiyore! Nyaruko-San Meijoushigatai Game no You na Mono",
    "Url": [
      "https://myrient.erista.me/files/Internet%20Archive/aitus95/PSVITA_MAIDUMP//Haiyore%21%20Nyaruko-San%20Meijoushigatai%20Game%20no%20You%20na%20Mono.rar"
    ]
  },
  {
    "Name": "Handball 16",
    "Url": [
      "https://myrient.erista.me/files/Internet%20Archive/aitus95/PSVITA_MAIDUMP//Handball%2016.rar"
    ]
  },
  {
    "Name": "Hatoful Boyfriend",
    "Url": [
      "https://myrient.erista.me/files/Internet%20Archive/aitus95/PSVITA_MAIDUMP//Hatoful%20Boyfriend.rar"
    ]
  },
  {
    "Name": "Hatoful Boyfriend Holiday Star",
    "Url": [
      "https://myrient.erista.me/files/Internet%20Archive/aitus95/PSVITA_MAIDUMP//Hatoful%20Boyfriend%20Holiday%20Star.rar"
    ]
  },
  {
    "Name": "Hatsune Miku Project Diva f",
    "Url": [
      "https://myrient.erista.me/files/Internet%20Archive/aitus95/PSVITA_MAIDUMP//Hatsune%20Miku%20Project%20Diva%20f.rar"
    ]
  },
  {
    "Name": "Hatsune Miku Project Diva F 2nd",
    "Url": [
      "https://myrient.erista.me/files/Internet%20Archive/aitus95/PSVITA_MAIDUMP//Hatsune%20Miku%20Project%20Diva%20F%202nd.rar"
    ]
  },
  {
    "Name": "Hatsune Miku Project DIVA X",
    "Url": [
      "https://myrient.erista.me/files/Internet%20Archive/aitus95/PSVITA_MAIDUMP//Hatsune%20Miku%20Project%20DIVA%20X.rar"
    ]
  },
  {
    "Name": "High School DxD New Fight",
    "Url": [
      "https://myrient.erista.me/files/Internet%20Archive/aitus95/PSVITA_MAIDUMP//High%20School%20DxD%20New%20Fight.rar"
    ]
  },
  {
    "Name": "Hitman GO",
    "Url": [
      "https://myrient.erista.me/files/Internet%20Archive/aitus95/PSVITA_MAIDUMP//Hitman%20GO.rar"
    ]
  },
  {
    "Name": "Home",
    "Url": [
      "https://myrient.erista.me/files/Internet%20Archive/aitus95/PSVITA_MAIDUMP//Home.rar"
    ]
  },
  {
    "Name": "Hot Shots Golf World Invitational",
    "Url": [
      "https://myrient.erista.me/files/Internet%20Archive/aitus95/PSVITA_MAIDUMP//Hot%20Shots%20Golf%20World%20Invitational.rar"
    ]
  },
  {
    "Name": "Hotchkiss",
    "Url": [
      "https://myrient.erista.me/files/Internet%20Archive/aitus95/PSVITA_MAIDUMP//Hotchkiss.rar"
    ]
  },
  {
    "Name": "Hotline Miami",
    "Url": [
      "https://myrient.erista.me/files/Internet%20Archive/aitus95/PSVITA_MAIDUMP//Hotline%20Miami.rar"
    ]
  },
  {
    "Name": "HtoL#NiQ The Firefly Diary",
    "Url": [
      "https://myrient.erista.me/files/Internet%20Archive/aitus95/PSVITA_MAIDUMP//HtoL%23NiQ%20The%20Firefly%20Diary.rar"
    ]
  },
  {
    "Name": "Hyperdevotion Noire Goddess Black Heart",
    "Url": [
      "https://myrient.erista.me/files/Internet%20Archive/aitus95/PSVITA_MAIDUMP//Hyperdevotion%20Noire%20Goddess%20Black%20Heart.rar"
    ]
  },
  {
    "Name": "Hyperdimension Neptunia PP Producing Perfection",
    "Url": [
      "https://myrient.erista.me/files/Internet%20Archive/aitus95/PSVITA_MAIDUMP//Hyperdimension%20Neptunia%20PP%20Producing%20Perfection.rar"
    ]
  },
  {
    "Name": "Hyperdimension Neptunia Re;birth 2",
    "Url": [
      "https://myrient.erista.me/files/Internet%20Archive/aitus95/PSVITA_MAIDUMP//Hyperdimension%20Neptunia%20Re%3Bbirth%202.rar"
    ]
  },
  {
    "Name": "Hyperdimension Neptunia Re;Birth1",
    "Url": [
      "https://myrient.erista.me/files/Internet%20Archive/aitus95/PSVITA_MAIDUMP//Hyperdimension%20Neptunia%20Re%3BBirth1.rar"
    ]
  },
  {
    "Name": "Hyperdimension Neptunia Re;Birth3 V Generation",
    "Url": [
      "https://myrient.erista.me/files/Internet%20Archive/aitus95/PSVITA_MAIDUMP//Hyperdimension%20Neptunia%20Re%3BBirth3%20V%20Generation.rar"
    ]
  },
  {
    "Name": "Hyperdimension Neptunia U Action Unleashed",
    "Url": [
      "https://myrient.erista.me/files/Internet%20Archive/aitus95/PSVITA_MAIDUMP//Hyperdimension%20Neptunia%20U%20Action%20Unleashed.rar"
    ]
  },
  {
    "Name": "I Am Setsuna",
    "Url": [
      "https://myrient.erista.me/files/Internet%20Archive/aitus95/PSVITA_MAIDUMP//I%20Am%20Setsuna.rar"
    ]
  },
  {
    "Name": "IA VT - Colorful",
    "Url": [
      "https://myrient.erista.me/files/Internet%20Archive/aitus95/PSVITA_MAIDUMP//IA%20VT%20-%20Colorful.rar"
    ]
  },
  {
    "Name": "Injustice Gods Among Us - Ultimate Edition",
    "Url": [
      "https://myrient.erista.me/files/Internet%20Archive/aitus95/PSVITA_MAIDUMP//Injustice%20Gods%20Among%20Us%20-%20Ultimate%20Edition.rar"
    ]
  },
  {
    "Name": "Invizimals The Alliance",
    "Url": [
      "https://myrient.erista.me/files/Internet%20Archive/aitus95/PSVITA_MAIDUMP//Invizimals%20The%20Alliance.rar"
    ]
  },
  {
    "Name": "Invizimals The Resistance",
    "Url": [
      "https://myrient.erista.me/files/Internet%20Archive/aitus95/PSVITA_MAIDUMP//Invizimals%20The%20Resistance.rar"
    ]
  },
  {
    "Name": "Jak and Daxter 3",
    "Url": [
      "https://myrient.erista.me/files/Internet%20Archive/aitus95/PSVITA_MAIDUMP//Jak%20and%20Daxter%203.rar"
    ]
  },
  {
    "Name": "Jak and Daxter The Precursor Legacy",
    "Url": [
      "https://myrient.erista.me/files/Internet%20Archive/aitus95/PSVITA_MAIDUMP//Jak%20and%20Daxter%20The%20Precursor%20Legacy.rar"
    ]
  },
  {
    "Name": "Jak II Renegade",
    "Url": [
      "https://myrient.erista.me/files/Internet%20Archive/aitus95/PSVITA_MAIDUMP//Jak%20II%20Renegade.rar"
    ]
  },
  {
    "Name": "Jetpack Joyride",
    "Url": [
      "https://myrient.erista.me/files/Internet%20Archive/aitus95/PSVITA_MAIDUMP//Jetpack%20Joyride.rar"
    ]
  },
  {
    "Name": "Joe Danger",
    "Url": [
      "https://myrient.erista.me/files/Internet%20Archive/aitus95/PSVITA_MAIDUMP//Joe%20Danger.rar"
    ]
  },
  {
    "Name": "Kamen Rider Battride War Sousei",
    "Url": [
      "https://myrient.erista.me/files/Internet%20Archive/aitus95/PSVITA_MAIDUMP//Kamen%20Rider%20Battride%20War%20Sousei.rar"
    ]
  },
  {
    "Name": "Kantai Collection",
    "Url": [
      "https://myrient.erista.me/files/Internet%20Archive/aitus95/PSVITA_MAIDUMP//Kantai%20Collection.rar"
    ]
  },
  {
    "Name": "Kenka Bancho Otome",
    "Url": [
      "https://myrient.erista.me/files/Internet%20Archive/aitus95/PSVITA_MAIDUMP//Kenka%20Bancho%20Otome.rar"
    ]
  },
  {
    "Name": "Kick and Fennick",
    "Url": [
      "https://myrient.erista.me/files/Internet%20Archive/aitus95/PSVITA_MAIDUMP//Kick%20and%20Fennick.rar"
    ]
  },
  {
    "Name": "Kickbeat",
    "Url": [
      "https://myrient.erista.me/files/Internet%20Archive/aitus95/PSVITA_MAIDUMP//Kickbeat.rar"
    ]
  },
  {
    "Name": "Killzone Mercenary",
    "Url": [
      "https://myrient.erista.me/files/Internet%20Archive/aitus95/PSVITA_MAIDUMP//Killzone%20Mercenary.rar"
    ]
  },
  {
    "Name": "Kung Fu Rabbit",
    "Url": [
      "https://myrient.erista.me/files/Internet%20Archive/aitus95/PSVITA_MAIDUMP//Kung%20Fu%20Rabbit.rar"
    ]
  },
  {
    "Name": "LA-MULANA EX",
    "Url": [
      "https://myrient.erista.me/files/Internet%20Archive/aitus95/PSVITA_MAIDUMP//LA-MULANA%20EX.rar"
    ]
  },
  {
    "Name": "LEGO Batman 3 Beyond Gotham",
    "Url": [
      "https://myrient.erista.me/files/Internet%20Archive/aitus95/PSVITA_MAIDUMP//LEGO%20Batman%203%20Beyond%20Gotham.rar"
    ]
  },
  {
    "Name": "LEGO Marvel Super Heroes",
    "Url": [
      "https://myrient.erista.me/files/Internet%20Archive/aitus95/PSVITA_MAIDUMP//LEGO%20Marvel%20Super%20Heroes.rar"
    ]
  },
  {
    "Name": "Lego Ninjago - Nindroids",
    "Url": [
      "https://myrient.erista.me/files/Internet%20Archive/aitus95/PSVITA_MAIDUMP//Lego%20Ninjago%20-%20Nindroids.rar"
    ]
  },
  {
    "Name": "LEGO Ninjago Shadow of Ronin",
    "Url": [
      "https://myrient.erista.me/files/Internet%20Archive/aitus95/PSVITA_MAIDUMP//LEGO%20Ninjago%20Shadow%20of%20Ronin.rar"
    ]
  },
  {
    "Name": "LEGO The Hobbit",
    "Url": [
      "https://myrient.erista.me/files/Internet%20Archive/aitus95/PSVITA_MAIDUMP//LEGO%20The%20Hobbit.rar"
    ]
  },
  {
    "Name": "LEGO The Lord of the Rings",
    "Url": [
      "https://myrient.erista.me/files/Internet%20Archive/aitus95/PSVITA_MAIDUMP//LEGO%20The%20Lord%20of%20the%20Rings.rar"
    ]
  },
  {
    "Name": "Lemmings Touch",
    "Url": [
      "https://myrient.erista.me/files/Internet%20Archive/aitus95/PSVITA_MAIDUMP//Lemmings%20Touch.rar"
    ]
  },
  {
    "Name": "Lets Fish! Hooked On",
    "Url": [
      "https://myrient.erista.me/files/Internet%20Archive/aitus95/PSVITA_MAIDUMP//Lets%20Fish%21%20Hooked%20On.rar"
    ]
  },
  {
    "Name": "Limbo",
    "Url": [
      "https://myrient.erista.me/files/Internet%20Archive/aitus95/PSVITA_MAIDUMP//Limbo.rar"
    ]
  },
  {
    "Name": "Little Big Planet",
    "Url": [
      "https://myrient.erista.me/files/Internet%20Archive/aitus95/PSVITA_MAIDUMP//Little%20Big%20Planet.rar"
    ]
  },
  {
    "Name": "Little Big Planet Marvel Super Hero Edition",
    "Url": [
      "https://myrient.erista.me/files/Internet%20Archive/aitus95/PSVITA_MAIDUMP//Little%20Big%20Planet%20Marvel%20Super%20Hero%20Edition.rar"
    ]
  },
  {
    "Name": "Little Deviants",
    "Url": [
      "https://myrient.erista.me/files/Internet%20Archive/aitus95/PSVITA_MAIDUMP//Little%20Deviants.rar"
    ]
  },
  {
    "Name": "Lone Survivor The Director's Cut",
    "Url": [
      "https://myrient.erista.me/files/Internet%20Archive/aitus95/PSVITA_MAIDUMP//Lone%20Survivor%20The%20Director%27s%20Cut.rar"
    ]
  },
  {
    "Name": "Looney Tunes Galactic Sports",
    "Url": [
      "https://myrient.erista.me/files/Internet%20Archive/aitus95/PSVITA_MAIDUMP//Looney%20Tunes%20Galactic%20Sports.rar"
    ]
  },
  {
    "Name": "Lord of Apocalypse",
    "Url": [
      "https://myrient.erista.me/files/Internet%20Archive/aitus95/PSVITA_MAIDUMP//Lord%20of%20Apocalypse.rar"
    ]
  },
  {
    "Name": "Lost Dimension",
    "Url": [
      "https://myrient.erista.me/files/Internet%20Archive/aitus95/PSVITA_MAIDUMP//Lost%20Dimension.rar"
    ]
  },
  {
    "Name": "Love Live! School Idol Paradise Vol. 1 Printemps Unit",
    "Url": [
      "https://myrient.erista.me/files/Internet%20Archive/aitus95/PSVITA_MAIDUMP//Love%20Live%21%20School%20Idol%20Paradise%20Vol.%201%20Printemps%20Unit.rar"
    ]
  },
  {
    "Name": "Love Live! School Idol Paradise Vol. 2 BiBi Unit",
    "Url": [
      "https://myrient.erista.me/files/Internet%20Archive/aitus95/PSVITA_MAIDUMP//Love%20Live%21%20School%20Idol%20Paradise%20Vol.%202%20BiBi%20Unit.rar"
    ]
  },
  {
    "Name": "Love Live! School Idol Paradise Vol. 3 Lily White Unit",
    "Url": [
      "https://myrient.erista.me/files/Internet%20Archive/aitus95/PSVITA_MAIDUMP//Love%20Live%21%20School%20Idol%20Paradise%20Vol.%203%20Lily%20White%20Unit.rar"
    ]
  },
  {
    "Name": "LUFTRAUSERS",
    "Url": [
      "https://myrient.erista.me/files/Internet%20Archive/aitus95/PSVITA_MAIDUMP//LUFTRAUSERS.rar"
    ]
  },
  {
    "Name": "Lumo",
    "Url": [
      "https://myrient.erista.me/files/Internet%20Archive/aitus95/PSVITA_MAIDUMP//Lumo.rar"
    ]
  },
  {
    "Name": "Madden NFL 13",
    "Url": [
      "https://myrient.erista.me/files/Internet%20Archive/aitus95/PSVITA_MAIDUMP//Madden%20NFL%2013.rar"
    ]
  },
  {
    "Name": "Mahouka Koukou no Rettousei Out of Order",
    "Url": [
      "https://myrient.erista.me/files/Internet%20Archive/aitus95/PSVITA_MAIDUMP//Mahouka%20Koukou%20no%20Rettousei%20Out%20of%20Order.rar"
    ]
  },
  {
    "Name": "Majin Shoujo Chronicle 2D ACT",
    "Url": [
      "https://myrient.erista.me/files/Internet%20Archive/aitus95/PSVITA_MAIDUMP//Majin%20Shoujo%20Chronicle%202D%20ACT.rar"
    ]
  },
  {
    "Name": "Malicious Rebirth",
    "Url": [
      "https://myrient.erista.me/files/Internet%20Archive/aitus95/PSVITA_MAIDUMP//Malicious%20Rebirth.rar"
    ]
  },
  {
    "Name": "MegaTAGmension Blanc  Neptune Zombies",
    "Url": [
      "https://myrient.erista.me/files/Internet%20Archive/aitus95/PSVITA_MAIDUMP//MegaTAGmension%20Blanc%20%20Neptune%20Zombies.rar"
    ]
  },
  {
    "Name": "Mei Q",
    "Url": [
      "https://myrient.erista.me/files/Internet%20Archive/aitus95/PSVITA_MAIDUMP//Mei%20Q.rar"
    ]
  },
  {
    "Name": "Mens Room Mayhem",
    "Url": [
      "https://myrient.erista.me/files/Internet%20Archive/aitus95/PSVITA_MAIDUMP//Mens%20Room%20Mayhem.rar"
    ]
  },
  {
    "Name": "Metal Gear Solid 2 Sons of Liberty HD",
    "Url": [
      "https://myrient.erista.me/files/Internet%20Archive/aitus95/PSVITA_MAIDUMP//Metal%20Gear%20Solid%202%20Sons%20of%20Liberty%20HD.rar"
    ]
  },
  {
    "Name": "Metal Gear Solid 3 Snake Eater HD",
    "Url": [
      "https://myrient.erista.me/files/Internet%20Archive/aitus95/PSVITA_MAIDUMP//Metal%20Gear%20Solid%203%20Snake%20Eater%20HD.rar"
    ]
  },
  {
    "Name": "Metal Gear Solid HD Collection",
    "Url": [
      "https://myrient.erista.me/files/Internet%20Archive/aitus95/PSVITA_MAIDUMP//Metal%20Gear%20Solid%20HD%20Collection.rar"
    ]
  },
  {
    "Name": "Metal Slug 3",
    "Url": [
      "https://myrient.erista.me/files/Internet%20Archive/aitus95/PSVITA_MAIDUMP//Metal%20Slug%203.rar"
    ]
  },
  {
    "Name": "Metrico",
    "Url": [
      "https://myrient.erista.me/files/Internet%20Archive/aitus95/PSVITA_MAIDUMP//Metrico.rar"
    ]
  },
  {
    "Name": "Michael Jackson The Experience HD",
    "Url": [
      "https://myrient.erista.me/files/Internet%20Archive/aitus95/PSVITA_MAIDUMP//Michael%20Jackson%20The%20Experience%20HD.rar"
    ]
  },
  {
    "Name": "Miku Miku Hockey",
    "Url": [
      "https://myrient.erista.me/files/Internet%20Archive/aitus95/PSVITA_MAIDUMP//Miku%20Miku%20Hockey.rar"
    ]
  },
  {
    "Name": "Miku Miku Hockey 2.0",
    "Url": [
      "https://myrient.erista.me/files/Internet%20Archive/aitus95/PSVITA_MAIDUMP//Miku%20Miku%20Hockey%202.0.rar"
    ]
  },
  {
    "Name": "Mind Zero",
    "Url": [
      "https://myrient.erista.me/files/Internet%20Archive/aitus95/PSVITA_MAIDUMP//Mind%20Zero.rar"
    ]
  },
  {
    "Name": "Minecraft PlayStation Vita Edition",
    "Url": [
      "https://myrient.erista.me/files/Internet%20Archive/aitus95/PSVITA_MAIDUMP//Minecraft%20PlayStation%20Vita%20Edition.rar"
    ]
  },
  {
    "Name": "MIRACLE GIRLS FESTIVAL",
    "Url": [
      "https://myrient.erista.me/files/Internet%20Archive/aitus95/PSVITA_MAIDUMP//MIRACLE%20GIRLS%20FESTIVAL.rar"
    ]
  },
  {
    "Name": "MLB 12 The Show",
    "Url": [
      "https://myrient.erista.me/files/Internet%20Archive/aitus95/PSVITA_MAIDUMP//MLB%2012%20The%20Show.rar"
    ]
  },
  {
    "Name": "MLB 13 The Show",
    "Url": [
      "https://myrient.erista.me/files/Internet%20Archive/aitus95/PSVITA_MAIDUMP//MLB%2013%20The%20Show.rar"
    ]
  },
  {
    "Name": "MLB 15 The Show",
    "Url": [
      "https://myrient.erista.me/files/Internet%20Archive/aitus95/PSVITA_MAIDUMP//MLB%2015%20The%20Show.rar"
    ]
  },
  {
    "Name": "MOBILE SUIT GUNDAM EXTREME VS-FORCE",
    "Url": [
      "https://myrient.erista.me/files/Internet%20Archive/aitus95/PSVITA_MAIDUMP//MOBILE%20SUIT%20GUNDAM%20EXTREME%20VS-FORCE.rar"
    ]
  },
  {
    "Name": "Moe Chronicles",
    "Url": [
      "https://myrient.erista.me/files/Internet%20Archive/aitus95/PSVITA_MAIDUMP//Moe%20Chronicles.rar"
    ]
  },
  {
    "Name": "Monster Bag",
    "Url": [
      "https://myrient.erista.me/files/Internet%20Archive/aitus95/PSVITA_MAIDUMP//Monster%20Bag.rar"
    ]
  },
  {
    "Name": "Monster Monpiece",
    "Url": [
      "https://myrient.erista.me/files/Internet%20Archive/aitus95/PSVITA_MAIDUMP//Monster%20Monpiece.rar"
    ]
  },
  {
    "Name": "MotoGP 13",
    "Url": [
      "https://myrient.erista.me/files/Internet%20Archive/aitus95/PSVITA_MAIDUMP//MotoGP%2013.rar"
    ]
  },
  {
    "Name": "MotoGP 14",
    "Url": [
      "https://myrient.erista.me/files/Internet%20Archive/aitus95/PSVITA_MAIDUMP//MotoGP%2014.rar"
    ]
  },
  {
    "Name": "MotorStormRC",
    "Url": [
      "https://myrient.erista.me/files/Internet%20Archive/aitus95/PSVITA_MAIDUMP//MotorStormRC.rar"
    ]
  },
  {
    "Name": "Muramasa Rebirth",
    "Url": [
      "https://myrient.erista.me/files/Internet%20Archive/aitus95/PSVITA_MAIDUMP//Muramasa%20Rebirth.rar"
    ]
  },
  {
    "Name": "Murasaki Baby",
    "Url": [
      "https://myrient.erista.me/files/Internet%20Archive/aitus95/PSVITA_MAIDUMP//Murasaki%20Baby.rar"
    ]
  },
  {
    "Name": "MXGP",
    "Url": [
      "https://myrient.erista.me/files/Internet%20Archive/aitus95/PSVITA_MAIDUMP//MXGP.rar"
    ]
  },
  {
    "Name": "Mystery Chronicle One Way Heroics",
    "Url": [
      "https://myrient.erista.me/files/Internet%20Archive/aitus95/PSVITA_MAIDUMP//Mystery%20Chronicle%20One%20Way%20Heroics.rar"
    ]
  },
  {
    "Name": "NAtURAL DOCtRINE",
    "Url": [
      "https://myrient.erista.me/files/Internet%20Archive/aitus95/PSVITA_MAIDUMP//NAtURAL%20DOCtRINE.rar"
    ]
  },
  {
    "Name": "Need for Speed Most Wanted",
    "Url": [
      "https://myrient.erista.me/files/Internet%20Archive/aitus95/PSVITA_MAIDUMP//Need%20for%20Speed%20Most%20Wanted.rar"
    ]
  },
  {
    "Name": "New Little King's Story",
    "Url": [
      "https://myrient.erista.me/files/Internet%20Archive/aitus95/PSVITA_MAIDUMP//New%20Little%20King%27s%20Story.rar"
    ]
  },
  {
    "Name": "Nihilumbra",
    "Url": [
      "https://myrient.erista.me/files/Internet%20Archive/aitus95/PSVITA_MAIDUMP//Nihilumbra.rar"
    ]
  },
  {
    "Name": "Ninja Gaiden Sigma 2 Plus",
    "Url": [
      "https://myrient.erista.me/files/Internet%20Archive/aitus95/PSVITA_MAIDUMP//Ninja%20Gaiden%20Sigma%202%20Plus.rar"
    ]
  },
  {
    "Name": "Ninja Gaiden Sigma Plus",
    "Url": [
      "https://myrient.erista.me/files/Internet%20Archive/aitus95/PSVITA_MAIDUMP//Ninja%20Gaiden%20Sigma%20Plus.rar"
    ]
  },
  {
    "Name": "Norn9 Var Commons",
    "Url": [
      "https://myrient.erista.me/files/Internet%20Archive/aitus95/PSVITA_MAIDUMP//Norn9%20Var%20Commons.rar"
    ]
  },
  {
    "Name": "Nuclear Throne",
    "Url": [
      "https://myrient.erista.me/files/Internet%20Archive/aitus95/PSVITA_MAIDUMP//Nuclear%20Throne.rar"
    ]
  },
  {
    "Name": "Oddworld New 'n' Tasty",
    "Url": [
      "https://myrient.erista.me/files/Internet%20Archive/aitus95/PSVITA_MAIDUMP//Oddworld%20New%20%27n%27%20Tasty.rar"
    ]
  },
  {
    "Name": "Oddworld Stranger's Wrath",
    "Url": [
      "https://myrient.erista.me/files/Internet%20Archive/aitus95/PSVITA_MAIDUMP//Oddworld%20Stranger%27s%20Wrath.rar"
    ]
  },
  {
    "Name": "Odin Sphere Leifthrasir",
    "Url": [
      "https://myrient.erista.me/files/Internet%20Archive/aitus95/PSVITA_MAIDUMP//Odin%20Sphere%20Leifthrasir.rar"
    ]
  },
  {
    "Name": "Olli Olli 2",
    "Url": [
      "https://myrient.erista.me/files/Internet%20Archive/aitus95/PSVITA_MAIDUMP//Olli%20Olli%202.rar"
    ]
  },
  {
    "Name": "Omega Labyrinth",
    "Url": [
      "https://myrient.erista.me/files/Internet%20Archive/aitus95/PSVITA_MAIDUMP//Omega%20Labyrinth.rar"
    ]
  },
  {
    "Name": "Operation Abyss",
    "Url": [
      "https://myrient.erista.me/files/Internet%20Archive/aitus95/PSVITA_MAIDUMP//Operation%20Abyss.rar"
    ]
  },
  {
    "Name": "Ore ni Hatarakette Iwaretemo Otsu HD",
    "Url": [
      "https://myrient.erista.me/files/Internet%20Archive/aitus95/PSVITA_MAIDUMP//Ore%20ni%20Hatarakette%20Iwaretemo%20Otsu%20HD.rar"
    ]
  },
  {
    "Name": "Oreshika Tainted Bloodlines",
    "Url": [
      "https://myrient.erista.me/files/Internet%20Archive/aitus95/PSVITA_MAIDUMP//Oreshika%20Tainted%20Bloodlines.rar"
    ]
  },
  {
    "Name": "Oretachi ni Tsubasa wa Nai",
    "Url": [
      "https://myrient.erista.me/files/Internet%20Archive/aitus95/PSVITA_MAIDUMP//Oretachi%20ni%20Tsubasa%20wa%20Nai.rar"
    ]
  },
  {
    "Name": "Paint Park",
    "Url": [
      "https://myrient.erista.me/files/Internet%20Archive/aitus95/PSVITA_MAIDUMP//Paint%20Park.rar"
    ]
  },
  {
    "Name": "Paranautical Activity",
    "Url": [
      "https://myrient.erista.me/files/Internet%20Archive/aitus95/PSVITA_MAIDUMP//Paranautical%20Activity.rar"
    ]
  },
  {
    "Name": "Persona 4 Dancing All Night",
    "Url": [
      "https://myrient.erista.me/files/Internet%20Archive/aitus95/PSVITA_MAIDUMP//Persona%204%20Dancing%20All%20Night.rar"
    ]
  },
  {
    "Name": "Persona 4 Golden",
    "Url": [
      "https://myrient.erista.me/files/Internet%20Archive/aitus95/PSVITA_MAIDUMP//Persona%204%20Golden.rar"
    ]
  },
  {
    "Name": "Phantasy Star Nova",
    "Url": [
      "https://myrient.erista.me/files/Internet%20Archive/aitus95/PSVITA_MAIDUMP//Phantasy%20Star%20Nova.rar"
    ]
  },
  {
    "Name": "Phantasy Star Online 2",
    "Url": [
      "https://myrient.erista.me/files/Internet%20Archive/aitus95/PSVITA_MAIDUMP//Phantasy%20Star%20Online%202.rar"
    ]
  },
  {
    "Name": "PhotoKano Kiss",
    "Url": [
      "https://myrient.erista.me/files/Internet%20Archive/aitus95/PSVITA_MAIDUMP//PhotoKano%20Kiss.rar"
    ]
  },
  {
    "Name": "Pix the Cat",
    "Url": [
      "https://myrient.erista.me/files/Internet%20Archive/aitus95/PSVITA_MAIDUMP//Pix%20the%20Cat.rar"
    ]
  },
  {
    "Name": "PixelJunk Monsters Ultimate",
    "Url": [
      "https://myrient.erista.me/files/Internet%20Archive/aitus95/PSVITA_MAIDUMP//PixelJunk%20Monsters%20Ultimate.rar"
    ]
  },
  {
    "Name": "PixelJunk Shooter Ultimate",
    "Url": [
      "https://myrient.erista.me/files/Internet%20Archive/aitus95/PSVITA_MAIDUMP//PixelJunk%20Shooter%20Ultimate.rar"
    ]
  },
  {
    "Name": "Plants vs Zombies",
    "Url": [
      "https://myrient.erista.me/files/Internet%20Archive/aitus95/PSVITA_MAIDUMP//Plants%20vs%20Zombies.rar"
    ]
  },
  {
    "Name": "PlayStation All-Stars Battle Royale",
    "Url": [
      "https://myrient.erista.me/files/Internet%20Archive/aitus95/PSVITA_MAIDUMP//PlayStation%20All-Stars%20Battle%20Royale.rar"
    ]
  },
  {
    "Name": "Pro Yakyuu Spirits 2015",
    "Url": [
      "https://myrient.erista.me/files/Internet%20Archive/aitus95/PSVITA_MAIDUMP//Pro%20Yakyuu%20Spirits%202015.rar"
    ]
  },
  {
    "Name": "PSYCHO-PASS MANDATORY HAPPINESS",
    "Url": [
      "https://myrient.erista.me/files/Internet%20Archive/aitus95/PSVITA_MAIDUMP//PSYCHO-PASS%20MANDATORY%20HAPPINESS.rar"
    ]
  },
  {
    "Name": "Putty Squad",
    "Url": [
      "https://myrient.erista.me/files/Internet%20Archive/aitus95/PSVITA_MAIDUMP//Putty%20Squad.rar"
    ]
  },
  {
    "Name": "Qbert Rebooted",
    "Url": [
      "https://myrient.erista.me/files/Internet%20Archive/aitus95/PSVITA_MAIDUMP//Qbert%20Rebooted.rar"
    ]
  },
  {
    "Name": "Race the Sun",
    "Url": [
      "https://myrient.erista.me/files/Internet%20Archive/aitus95/PSVITA_MAIDUMP//Race%20the%20Sun.rar"
    ]
  },
  {
    "Name": "Ragnarok Odyssey",
    "Url": [
      "https://myrient.erista.me/files/Internet%20Archive/aitus95/PSVITA_MAIDUMP//Ragnarok%20Odyssey.rar"
    ]
  },
  {
    "Name": "Ragnarok Odyssey ACE",
    "Url": [
      "https://myrient.erista.me/files/Internet%20Archive/aitus95/PSVITA_MAIDUMP//Ragnarok%20Odyssey%20ACE.rar"
    ]
  },
  {
    "Name": "Ratchet & Clank",
    "Url": [
      "https://myrient.erista.me/files/Internet%20Archive/aitus95/PSVITA_MAIDUMP//Ratchet%20%26%20Clank.rar"
    ]
  },
  {
    "Name": "Ratchet & Clank 2",
    "Url": [
      "https://myrient.erista.me/files/Internet%20Archive/aitus95/PSVITA_MAIDUMP//Ratchet%20%26%20Clank%202.rar"
    ]
  },
  {
    "Name": "Ratchet & Clank 3",
    "Url": [
      "https://myrient.erista.me/files/Internet%20Archive/aitus95/PSVITA_MAIDUMP//Ratchet%20%26%20Clank%203.rar"
    ]
  },
  {
    "Name": "Ratchet & Clank Full Frontal Assault",
    "Url": [
      "https://myrient.erista.me/files/Internet%20Archive/aitus95/PSVITA_MAIDUMP//Ratchet%20%26%20Clank%20Full%20Frontal%20Assault.rar"
    ]
  },
  {
    "Name": "Ratchet & Clank QForce",
    "Url": [
      "https://myrient.erista.me/files/Internet%20Archive/aitus95/PSVITA_MAIDUMP//Ratchet%20%26%20Clank%20QForce.rar"
    ]
  },
  {
    "Name": "Ray Gigant",
    "Url": [
      "https://myrient.erista.me/files/Internet%20Archive/aitus95/PSVITA_MAIDUMP//Ray%20Gigant.rar"
    ]
  },
  {
    "Name": "Reality Fighters",
    "Url": [
      "https://myrient.erista.me/files/Internet%20Archive/aitus95/PSVITA_MAIDUMP//Reality%20Fighters.rar"
    ]
  },
  {
    "Name": "Resident Evil - Revelations 2",
    "Url": [
      "https://myrient.erista.me/files/Internet%20Archive/aitus95/PSVITA_MAIDUMP//Resident%20Evil%20-%20Revelations%202.rar"
    ]
  },
  {
    "Name": "Retro City Rampage DX",
    "Url": [
      "https://myrient.erista.me/files/Internet%20Archive/aitus95/PSVITA_MAIDUMP//Retro%20City%20Rampage%20DX.rar"
    ]
  },
  {
    "Name": "Rocketbirds HBC",
    "Url": [
      "https://myrient.erista.me/files/Internet%20Archive/aitus95/PSVITA_MAIDUMP//Rocketbirds%20HBC.rar"
    ]
  },
  {
    "Name": "Rogue Legacy",
    "Url": [
      "https://myrient.erista.me/files/Internet%20Archive/aitus95/PSVITA_MAIDUMP//Rogue%20Legacy.rar"
    ]
  },
  {
    "Name": "Romancing SaGa 2",
    "Url": [
      "https://myrient.erista.me/files/Internet%20Archive/aitus95/PSVITA_MAIDUMP//Romancing%20SaGa%202.rar"
    ]
  },
  {
    "Name": "Root Letter",
    "Url": [
      "https://myrient.erista.me/files/Internet%20Archive/aitus95/PSVITA_MAIDUMP//Root%20Letter.rar"
    ]
  },
  {
    "Name": "Saki Zenkoku-Hen",
    "Url": [
      "https://myrient.erista.me/files/Internet%20Archive/aitus95/PSVITA_MAIDUMP//Saki%20Zenkoku-Hen.rar"
    ]
  },
  {
    "Name": "Sayonara UmiharaKawase",
    "Url": [
      "https://myrient.erista.me/files/Internet%20Archive/aitus95/PSVITA_MAIDUMP//Sayonara%20UmiharaKawase%20%20.rar"
    ]
  },
  {
    "Name": "Sengoku Musou 2",
    "Url": [
      "https://myrient.erista.me/files/Internet%20Archive/aitus95/PSVITA_MAIDUMP//Sengoku%20Musou%202.rar"
    ]
  },
  {
    "Name": "Sengoku Musou 2 Empires HD",
    "Url": [
      "https://myrient.erista.me/files/Internet%20Archive/aitus95/PSVITA_MAIDUMP//Sengoku%20Musou%202%20Empires%20HD.rar"
    ]
  },
  {
    "Name": "SENRAN KAGURA Bon Appetit!",
    "Url": [
      "https://myrient.erista.me/files/Internet%20Archive/aitus95/PSVITA_MAIDUMP//SENRAN%20KAGURA%20Bon%20Appetit%21%20%28Hanzo%20x%20Crimson%20Squad%29.rar"
    ]
  },
  {
    "Name": "SENRAN KAGURA Bon Appetit! Soundtrack",
    "Url": [
      "https://myrient.erista.me/files/Internet%20Archive/aitus95/PSVITA_MAIDUMP//SENRAN%20KAGURA%20Bon%20Appetit%21%20Soundtrack.rar"
    ]
  },
  {
    "Name": "Senran Kagura Estival Versus",
    "Url": [
      "https://myrient.erista.me/files/Internet%20Archive/aitus95/PSVITA_MAIDUMP//Senran%20Kagura%20Estival%20Versus.rar"
    ]
  },
  {
    "Name": "Senran Kagura Shinovi Versus",
    "Url": [
      "https://myrient.erista.me/files/Internet%20Archive/aitus95/PSVITA_MAIDUMP//Senran%20Kagura%20Shinovi%20Versus.rar"
    ]
  },
  {
    "Name": "Severed",
    "Url": [
      "https://myrient.erista.me/files/Internet%20Archive/aitus95/PSVITA_MAIDUMP//Severed.rar"
    ]
  },
  {
    "Name": "Shin Kamaitachi no Yoru 11 Hitome no Suspect",
    "Url": [
      "https://myrient.erista.me/files/Internet%20Archive/aitus95/PSVITA_MAIDUMP//Shin%20Kamaitachi%20no%20Yoru%2011%20Hitome%20no%20Suspect.rar"
    ]
  },
  {
    "Name": "Shinobido 2 Revenge of Zen",
    "Url": [
      "https://myrient.erista.me/files/Internet%20Archive/aitus95/PSVITA_MAIDUMP//Shinobido%202%20Revenge%20of%20Zen.rar"
    ]
  },
  {
    "Name": "Shovel Knight",
    "Url": [
      "https://myrient.erista.me/files/Internet%20Archive/aitus95/PSVITA_MAIDUMP//Shovel%20Knight.rar"
    ]
  },
  {
    "Name": "Shutshimi",
    "Url": [
      "https://myrient.erista.me/files/Internet%20Archive/aitus95/PSVITA_MAIDUMP//Shutshimi.rar"
    ]
  },
  {
    "Name": "Sid Meier's Civilization Revolution 2",
    "Url": [
      "https://myrient.erista.me/files/Internet%20Archive/aitus95/PSVITA_MAIDUMP//Sid%20Meier%27s%20Civilization%20Revolution%202.rar"
    ]
  },
  {
    "Name": "Silent Hill Book of Memories",
    "Url": [
      "https://myrient.erista.me/files/Internet%20Archive/aitus95/PSVITA_MAIDUMP//Silent%20Hill%20Book%20of%20Memories.rar"
    ]
  },
  {
    "Name": "Siralim",
    "Url": [
      "https://myrient.erista.me/files/Internet%20Archive/aitus95/PSVITA_MAIDUMP//Siralim.rar"
    ]
  },
  {
    "Name": "Skullgirls 2nd Encore",
    "Url": [
      "https://myrient.erista.me/files/Internet%20Archive/aitus95/PSVITA_MAIDUMP//Skullgirls%202nd%20Encore.rar"
    ]
  },
  {
    "Name": "Sky Force Anniversary",
    "Url": [
      "https://myrient.erista.me/files/Internet%20Archive/aitus95/PSVITA_MAIDUMP//Sky%20Force%20Anniversary.rar"
    ]
  },
  {
    "Name": "Sonic and All-Star Racing Transformed",
    "Url": [
      "https://myrient.erista.me/files/Internet%20Archive/aitus95/PSVITA_MAIDUMP//Sonic%20and%20All-Star%20Racing%20Transformed.rar"
    ]
  },
  {
    "Name": "Sorcery Saga The Curse of the Great Curry God",
    "Url": [
      "https://myrient.erista.me/files/Internet%20Archive/aitus95/PSVITA_MAIDUMP//Sorcery%20Saga%20The%20Curse%20of%20the%20Great%20Curry%20God.rar"
    ]
  },
  {
    "Name": "Soul Sacrifice Delta",
    "Url": [
      "https://myrient.erista.me/files/Internet%20Archive/aitus95/PSVITA_MAIDUMP//Soul%20Sacrifice%20Delta.rar"
    ]
  },
  {
    "Name": "Spy Hunter",
    "Url": [
      "https://myrient.erista.me/files/Internet%20Archive/aitus95/PSVITA_MAIDUMP//Spy%20Hunter.rar"
    ]
  },
  {
    "Name": "Stealh Inc 1",
    "Url": [
      "https://myrient.erista.me/files/Internet%20Archive/aitus95/PSVITA_MAIDUMP//Stealh%20Inc%201.rar"
    ]
  },
  {
    "Name": "Stealh Inc 2",
    "Url": [
      "https://myrient.erista.me/files/Internet%20Archive/aitus95/PSVITA_MAIDUMP//Stealh%20Inc%202.rar"
    ]
  },
  {
    "Name": "Steamworld Dig",
    "Url": [
      "https://myrient.erista.me/files/Internet%20Archive/aitus95/PSVITA_MAIDUMP//Steamworld%20Dig.rar"
    ]
  },
  {
    "Name": "Steins;Gate",
    "Url": [
      "https://myrient.erista.me/files/Internet%20Archive/aitus95/PSVITA_MAIDUMP//Steins%3BGate.rar"
    ]
  },
  {
    "Name": "Stick It To The Man",
    "Url": [
      "https://myrient.erista.me/files/Internet%20Archive/aitus95/PSVITA_MAIDUMP//Stick%20It%20To%20The%20Man.rar"
    ]
  },
  {
    "Name": "Stranger of Sword",
    "Url": [
      "https://myrient.erista.me/files/Internet%20Archive/aitus95/PSVITA_MAIDUMP//Stranger%20of%20Sword.rar"
    ]
  },
  {
    "Name": "Street Fighter X Tekken",
    "Url": [
      "https://myrient.erista.me/files/Internet%20Archive/aitus95/PSVITA_MAIDUMP//Street%20Fighter%20X%20Tekken.rar"
    ]
  },
  {
    "Name": "Summon Night 6",
    "Url": [
      "https://myrient.erista.me/files/Internet%20Archive/aitus95/PSVITA_MAIDUMP//Summon%20Night%206.rar"
    ]
  },
  {
    "Name": "Super Dimension Neptune vs Sega Hard Girls",
    "Url": [
      "https://myrient.erista.me/files/Internet%20Archive/aitus95/PSVITA_MAIDUMP//Super%20Dimension%20Neptune%20vs%20Sega%20Hard%20Girls.rar"
    ]
  },
  {
    "Name": "Super Exploding Zoo",
    "Url": [
      "https://myrient.erista.me/files/Internet%20Archive/aitus95/PSVITA_MAIDUMP//Super%20Exploding%20Zoo.rar"
    ]
  },
  {
    "Name": "Super Meat Boy",
    "Url": [
      "https://myrient.erista.me/files/Internet%20Archive/aitus95/PSVITA_MAIDUMP//Super%20Meat%20Boy.rar"
    ]
  },
  {
    "Name": "Super Monkey Ball Banana Splitz",
    "Url": [
      "https://myrient.erista.me/files/Internet%20Archive/aitus95/PSVITA_MAIDUMP//Super%20Monkey%20Ball%20Banana%20Splitz.rar"
    ]
  },
  {
    "Name": "Super Star Wars",
    "Url": [
      "https://myrient.erista.me/files/Internet%20Archive/aitus95/PSVITA_MAIDUMP//Super%20Star%20Wars.rar"
    ]
  },
  {
    "Name": "Super Time Force Ultra",
    "Url": [
      "https://myrient.erista.me/files/Internet%20Archive/aitus95/PSVITA_MAIDUMP//Super%20Time%20Force%20Ultra.rar"
    ]
  },
  {
    "Name": "SUPERBEAT XONiC",
    "Url": [
      "https://myrient.erista.me/files/Internet%20Archive/aitus95/PSVITA_MAIDUMP//SUPERBEAT%20XONiC.rar"
    ]
  },
  {
    "Name": "Superdimension Neptune VS Sega Hard Girls",
    "Url": [
      "https://myrient.erista.me/files/Internet%20Archive/aitus95/PSVITA_MAIDUMP//Superdimension%20Neptune%20VS%20Sega%20Hard%20Girls.rar"
    ]
  },
  {
    "Name": "Surge Deluxe",
    "Url": [
      "https://myrient.erista.me/files/Internet%20Archive/aitus95/PSVITA_MAIDUMP//Surge%20Deluxe.rar"
    ]
  },
  {
    "Name": "SwapQuest",
    "Url": [
      "https://myrient.erista.me/files/Internet%20Archive/aitus95/PSVITA_MAIDUMP//SwapQuest.rar"
    ]
  },
  {
    "Name": "Switch Galaxy Ultra",
    "Url": [
      "https://myrient.erista.me/files/Internet%20Archive/aitus95/PSVITA_MAIDUMP//Switch%20Galaxy%20Ultra.rar"
    ]
  },
  {
    "Name": "Sword Art Online Hollow Fragment",
    "Url": [
      "https://myrient.erista.me/files/Internet%20Archive/aitus95/PSVITA_MAIDUMP//Sword%20Art%20Online%20Hollow%20Fragment.rar"
    ]
  },
  {
    "Name": "Sword Art Online Lost Song",
    "Url": [
      "https://myrient.erista.me/files/Internet%20Archive/aitus95/PSVITA_MAIDUMP//Sword%20Art%20Online%20Lost%20Song.rar"
    ]
  },
  {
    "Name": "Table Ice Hockey",
    "Url": [
      "https://myrient.erista.me/files/Internet%20Archive/aitus95/PSVITA_MAIDUMP//Table%20Ice%20Hockey.rar"
    ]
  },
  {
    "Name": "TAIKO IDOL MASTER",
    "Url": [
      "https://myrient.erista.me/files/Internet%20Archive/aitus95/PSVITA_MAIDUMP//TAIKO%20IDOL%20MASTER.rar"
    ]
  },
  {
    "Name": "Taiko no Tatsujin V",
    "Url": [
      "https://myrient.erista.me/files/Internet%20Archive/aitus95/PSVITA_MAIDUMP//Taiko%20no%20Tatsujin%20V.rar"
    ]
  },
  {
    "Name": "Tales from Space Mutant Blobs Attack!",
    "Url": [
      "https://myrient.erista.me/files/Internet%20Archive/aitus95/PSVITA_MAIDUMP//Tales%20from%20Space%20Mutant%20Blobs%20Attack%21.rar"
    ]
  },
  {
    "Name": "Tales of Hearts R",
    "Url": [
      "https://myrient.erista.me/files/Internet%20Archive/aitus95/PSVITA_MAIDUMP//Tales%20of%20Hearts%20R.rar"
    ]
  },
  {
    "Name": "Tales of Innocence R",
    "Url": [
      "https://myrient.erista.me/files/Internet%20Archive/aitus95/PSVITA_MAIDUMP//Tales%20of%20Innocence%20R.rar"
    ]
  },
  {
    "Name": "Tearaway",
    "Url": [
      "https://myrient.erista.me/files/Internet%20Archive/aitus95/PSVITA_MAIDUMP//Tearaway.rar"
    ]
  },
  {
    "Name": "Teslagrad",
    "Url": [
      "https://myrient.erista.me/files/Internet%20Archive/aitus95/PSVITA_MAIDUMP//Teslagrad.rar"
    ]
  },
  {
    "Name": "Tetris Ultimate",
    "Url": [
      "https://myrient.erista.me/files/Internet%20Archive/aitus95/PSVITA_MAIDUMP//Tetris%20Ultimate.rar"
    ]
  },
  {
    "Name": "The Amazing Spider-Man",
    "Url": [
      "https://myrient.erista.me/files/Internet%20Archive/aitus95/PSVITA_MAIDUMP//The%20Amazing%20Spider-Man.rar"
    ]
  },
  {
    "Name": "The Binding of Isaac Rebirth",
    "Url": [
      "https://myrient.erista.me/files/Internet%20Archive/aitus95/PSVITA_MAIDUMP//The%20Binding%20of%20Isaac%20Rebirth.rar"
    ]
  },
  {
    "Name": "The IdolM@ster Must Songs - Aka-Ban",
    "Url": [
      "https://myrient.erista.me/files/Internet%20Archive/aitus95/PSVITA_MAIDUMP//The%20IdolM%40ster%20Must%20Songs%20-%20Aka-Ban.rar"
    ]
  },
  {
    "Name": "The IdolM@ster Must Songs - Ao-Ban",
    "Url": [
      "https://myrient.erista.me/files/Internet%20Archive/aitus95/PSVITA_MAIDUMP//The%20IdolM%40ster%20Must%20Songs%20-%20Ao-Ban.rar"
    ]
  },
  {
    "Name": "The Legend of Heroes Trails of Cold Steel",
    "Url": [
      "https://myrient.erista.me/files/Internet%20Archive/aitus95/PSVITA_MAIDUMP//The%20Legend%20of%20Heroes%20Trails%20of%20Cold%20Steel.rar"
    ]
  },
  {
    "Name": "THE LEGEND OF HEROES TRAILS OF COLD STEEL II",
    "Url": [
      "https://myrient.erista.me/files/Internet%20Archive/aitus95/PSVITA_MAIDUMP//THE%20LEGEND%20OF%20HEROES%20TRAILS%20OF%20COLD%20STEEL%20II.rar"
    ]
  },
  {
    "Name": "The Legends of War Patton",
    "Url": [
      "https://myrient.erista.me/files/Internet%20Archive/aitus95/PSVITA_MAIDUMP//The%20Legends%20of%20War%20Patton.rar"
    ]
  },
  {
    "Name": "The Lego Movie Videogame",
    "Url": [
      "https://myrient.erista.me/files/Internet%20Archive/aitus95/PSVITA_MAIDUMP//The%20Lego%20Movie%20Videogame.rar"
    ]
  },
  {
    "Name": "The Swapper",
    "Url": [
      "https://myrient.erista.me/files/Internet%20Archive/aitus95/PSVITA_MAIDUMP//The%20Swapper.rar"
    ]
  },
  {
    "Name": "The Tousou Highway Full Boost",
    "Url": [
      "https://myrient.erista.me/files/Internet%20Archive/aitus95/PSVITA_MAIDUMP//The%20Tousou%20Highway%20Full%20Boost.rar"
    ]
  },
  {
    "Name": "The Treasures of Montezuma Blitz",
    "Url": [
      "https://myrient.erista.me/files/Internet%20Archive/aitus95/PSVITA_MAIDUMP//The%20Treasures%20of%20Montezuma%20Blitz.rar"
    ]
  },
  {
    "Name": "The Unfinished Swan",
    "Url": [
      "https://myrient.erista.me/files/Internet%20Archive/aitus95/PSVITA_MAIDUMP//The%20Unfinished%20Swan.rar"
    ]
  },
  {
    "Name": "The Walking Dead",
    "Url": [
      "https://myrient.erista.me/files/Internet%20Archive/aitus95/PSVITA_MAIDUMP//The%20Walking%20Dead.rar"
    ]
  },
  {
    "Name": "The Walking Dead Season 2",
    "Url": [
      "https://myrient.erista.me/files/Internet%20Archive/aitus95/PSVITA_MAIDUMP//The%20Walking%20Dead%20Season%202.rar"
    ]
  },
  {
    "Name": "The Wolf Amoung Us",
    "Url": [
      "https://myrient.erista.me/files/Internet%20Archive/aitus95/PSVITA_MAIDUMP//The%20Wolf%20Amoung%20Us.rar"
    ]
  },
  {
    "Name": "Thomas Was Alone",
    "Url": [
      "https://myrient.erista.me/files/Internet%20Archive/aitus95/PSVITA_MAIDUMP//Thomas%20Was%20Alone.rar"
    ]
  },
  {
    "Name": "Three Fourths Home Extended Edition",
    "Url": [
      "https://myrient.erista.me/files/Internet%20Archive/aitus95/PSVITA_MAIDUMP//Three%20Fourths%20Home%20Extended%20Edition.rar"
    ]
  },
  {
    "Name": "TIME TRAVELERS",
    "Url": [
      "https://myrient.erista.me/files/Internet%20Archive/aitus95/PSVITA_MAIDUMP//TIME%20TRAVELERS.rar"
    ]
  },
  {
    "Name": "Titan Souls",
    "Url": [
      "https://myrient.erista.me/files/Internet%20Archive/aitus95/PSVITA_MAIDUMP//Titan%20Souls.rar"
    ]
  },
  {
    "Name": "To Heart 2 Dungeon Travelers",
    "Url": [
      "https://myrient.erista.me/files/Internet%20Archive/aitus95/PSVITA_MAIDUMP//To%20Heart%202%20Dungeon%20Travelers.rar"
    ]
  },
  {
    "Name": "To Love-Ru Trouble Darkness Battle Ecstasy",
    "Url": [
      "https://myrient.erista.me/files/Internet%20Archive/aitus95/PSVITA_MAIDUMP//To%20Love-Ru%20Trouble%20Darkness%20Battle%20Ecstasy.rar"
    ]
  },
  {
    "Name": "To Love-Ru Trouble Darkness True Princess",
    "Url": [
      "https://myrient.erista.me/files/Internet%20Archive/aitus95/PSVITA_MAIDUMP//To%20Love-Ru%20Trouble%20Darkness%20True%20Princess.rar"
    ]
  },
  {
    "Name": "Tokushu Houdoubu",
    "Url": [
      "https://myrient.erista.me/files/Internet%20Archive/aitus95/PSVITA_MAIDUMP//Tokushu%20Houdoubu.rar"
    ]
  },
  {
    "Name": "Tokyo Ghoul Jail",
    "Url": [
      "https://myrient.erista.me/files/Internet%20Archive/aitus95/PSVITA_MAIDUMP//Tokyo%20Ghoul%20Jail.rar"
    ]
  },
  {
    "Name": "Tokyo Twilight Ghost Hunters Daybreak",
    "Url": [
      "https://myrient.erista.me/files/Internet%20Archive/aitus95/PSVITA_MAIDUMP//Tokyo%20Twilight%20Ghost%20Hunters%20Daybreak.rar"
    ]
  },
  {
    "Name": "Tokyo Xanadu",
    "Url": [
      "https://myrient.erista.me/files/Internet%20Archive/aitus95/PSVITA_MAIDUMP//Tokyo%20Xanadu.rar"
    ]
  },
  {
    "Name": "Toro's Friend Network",
    "Url": [
      "https://myrient.erista.me/files/Internet%20Archive/aitus95/PSVITA_MAIDUMP//Toro%27s%20Friend%20Network.rar"
    ]
  },
  {
    "Name": "Total Recoil",
    "Url": [
      "https://myrient.erista.me/files/Internet%20Archive/aitus95/PSVITA_MAIDUMP//Total%20Recoil.rar"
    ]
  },
  {
    "Name": "Tottemo E Mahjong",
    "Url": [
      "https://myrient.erista.me/files/Internet%20Archive/aitus95/PSVITA_MAIDUMP//Tottemo%20E%20Mahjong.rar"
    ]
  },
  {
    "Name": "Touch My Katamari",
    "Url": [
      "https://myrient.erista.me/files/Internet%20Archive/aitus95/PSVITA_MAIDUMP//Touch%20My%20Katamari.rar"
    ]
  },
  {
    "Name": "Touhou Genso Wanderer",
    "Url": [
      "https://myrient.erista.me/files/Internet%20Archive/aitus95/PSVITA_MAIDUMP//Touhou%20Genso%20Wanderer.rar"
    ]
  },
  {
    "Name": "Toukiden 2",
    "Url": [
      "https://myrient.erista.me/files/Internet%20Archive/aitus95/PSVITA_MAIDUMP//Toukiden%202.rar"
    ]
  },
  {
    "Name": "Toukiden Kiwami",
    "Url": [
      "https://myrient.erista.me/files/Internet%20Archive/aitus95/PSVITA_MAIDUMP//Toukiden%20Kiwami.rar"
    ]
  },
  {
    "Name": "Toukiden The Age of Demons",
    "Url": [
      "https://myrient.erista.me/files/Internet%20Archive/aitus95/PSVITA_MAIDUMP//Toukiden%20The%20Age%20of%20Demons.rar"
    ]
  },
  {
    "Name": "Trillion - God of Destruction",
    "Url": [
      "https://myrient.erista.me/files/Internet%20Archive/aitus95/PSVITA_MAIDUMP//Trillion%20-%20God%20of%20Destruction.rar"
    ]
  },
  {
    "Name": "TuneIn",
    "Url": [
      "https://myrient.erista.me/files/Internet%20Archive/aitus95/PSVITA_MAIDUMP//TuneIn.rar"
    ]
  },
  {
    "Name": "TxK",
    "Url": [
      "https://myrient.erista.me/files/Internet%20Archive/aitus95/PSVITA_MAIDUMP//TxK.rar"
    ]
  },
  {
    "Name": "Ukiyo no Roushi",
    "Url": [
      "https://myrient.erista.me/files/Internet%20Archive/aitus95/PSVITA_MAIDUMP//Ukiyo%20no%20Roushi.rar"
    ]
  },
  {
    "Name": "Ultimate Marvel vs Capcom 3",
    "Url": [
      "https://myrient.erista.me/files/Internet%20Archive/aitus95/PSVITA_MAIDUMP//Ultimate%20Marvel%20vs%20Capcom%203.rar"
    ]
  },
  {
    "Name": "Ultratron",
    "Url": [
      "https://myrient.erista.me/files/Internet%20Archive/aitus95/PSVITA_MAIDUMP//Ultratron.rar"
    ]
  },
  {
    "Name": "Uncharted Golden Abyss",
    "Url": [
      "https://myrient.erista.me/files/Internet%20Archive/aitus95/PSVITA_MAIDUMP//Uncharted%20Golden%20Abyss.rar"
    ]
  },
  {
    "Name": "Unit 13",
    "Url": [
      "https://myrient.erista.me/files/Internet%20Archive/aitus95/PSVITA_MAIDUMP//Unit%2013.rar"
    ]
  },
  {
    "Name": "Uppers",
    "Url": [
      "https://myrient.erista.me/files/Internet%20Archive/aitus95/PSVITA_MAIDUMP//Uppers.rar"
    ]
  },
  {
    "Name": "Urban Trial Freestyle",
    "Url": [
      "https://myrient.erista.me/files/Internet%20Archive/aitus95/PSVITA_MAIDUMP//Urban%20Trial%20Freestyle.rar"
    ]
  },
  {
    "Name": "Utawarerumono Futari no Hakuoro",
    "Url": [
      "https://myrient.erista.me/files/Internet%20Archive/aitus95/PSVITA_MAIDUMP//Utawarerumono%20Futari%20no%20Hakuoro.rar"
    ]
  },
  {
    "Name": "Valhalla Knights 3",
    "Url": [
      "https://myrient.erista.me/files/Internet%20Archive/aitus95/PSVITA_MAIDUMP//Valhalla%20Knights%203.rar"
    ]
  },
  {
    "Name": "VALKYRIE DRIVE BHIKKHUNI",
    "Url": [
      "https://myrient.erista.me/files/Internet%20Archive/aitus95/PSVITA_MAIDUMP//VALKYRIE%20DRIVE%20BHIKKHUNI.rar"
    ]
  },
  {
    "Name": "Velocity 2X",
    "Url": [
      "https://myrient.erista.me/files/Internet%20Archive/aitus95/PSVITA_MAIDUMP//Velocity%202X.rar"
    ]
  },
  {
    "Name": "Velocity Ultra",
    "Url": [
      "https://myrient.erista.me/files/Internet%20Archive/aitus95/PSVITA_MAIDUMP//Velocity%20Ultra.rar"
    ]
  },
  {
    "Name": "Virtua Tennis 4",
    "Url": [
      "https://myrient.erista.me/files/Internet%20Archive/aitus95/PSVITA_MAIDUMP//Virtua%20Tennis%204.rar"
    ]
  },
  {
    "Name": "White Album 2 Shiawase no Mukougawa",
    "Url": [
      "https://myrient.erista.me/files/Internet%20Archive/aitus95/PSVITA_MAIDUMP//White%20Album%202%20Shiawase%20no%20Mukougawa.rar"
    ]
  },
  {
    "Name": "WipEout 2048",
    "Url": [
      "https://myrient.erista.me/files/Internet%20Archive/aitus95/PSVITA_MAIDUMP//WipEout%202048.rar"
    ]
  },
  {
    "Name": "Woah Dave!",
    "Url": [
      "https://myrient.erista.me/files/Internet%20Archive/aitus95/PSVITA_MAIDUMP//Woah%20Dave%21.rar"
    ]
  },
  {
    "Name": "World of Final Fantasy",
    "Url": [
      "https://myrient.erista.me/files/Internet%20Archive/aitus95/PSVITA_MAIDUMP//World%20of%20Final%20Fantasy.rar"
    ]
  },
  {
    "Name": "Worms Revolution Extreme",
    "Url": [
      "https://myrient.erista.me/files/Internet%20Archive/aitus95/PSVITA_MAIDUMP//Worms%20Revolution%20Extreme.rar"
    ]
  },
  {
    "Name": "WRC 3",
    "Url": [
      "https://myrient.erista.me/files/Internet%20Archive/aitus95/PSVITA_MAIDUMP//WRC%203.rar"
    ]
  },
  {
    "Name": "WRC 5",
    "Url": [
      "https://myrient.erista.me/files/Internet%20Archive/aitus95/PSVITA_MAIDUMP//WRC%205.rar"
    ]
  },
  {
    "Name": "XBLAZE CODE EMBRYO",
    "Url": [
      "https://myrient.erista.me/files/Internet%20Archive/aitus95/PSVITA_MAIDUMP//XBLAZE%20CODE%20EMBRYO.rar"
    ]
  },
  {
    "Name": "XCOM Enemy Unknown",
    "Url": [
      "https://myrient.erista.me/files/Internet%20Archive/aitus95/PSVITA_MAIDUMP//XCOM%20Enemy%20Unknown.rar"
    ]
  },
  {
    "Name": "Xeodrifter",
    "Url": [
      "https://myrient.erista.me/files/Internet%20Archive/aitus95/PSVITA_MAIDUMP//Xeodrifter.rar"
    ]
  },
  {
    "Name": "Yahari Game Demo Ore no Seishun Love-Kome wa Machigatteiru",
    "Url": [
      "https://myrient.erista.me/files/Internet%20Archive/aitus95/PSVITA_MAIDUMP//Yahari%20Game%20Demo%20Ore%20no%20Seishun%20Love-Kome%20wa%20Machigatteiru.rar"
    ]
  },
  {
    "Name": "Ys Memories of Celceta",
    "Url": [
      "https://myrient.erista.me/files/Internet%20Archive/aitus95/PSVITA_MAIDUMP//Ys%20Memories%20of%20Celceta.rar"
    ]
  },
  {
    "Name": "Ys VIII Lacrimosa of DANA",
    "Url": [
      "https://myrient.erista.me/files/Internet%20Archive/aitus95/PSVITA_MAIDUMP//Ys%20VIII%20Lacrimosa%20of%20DANA.rar"
    ]
  },
  {
    "Name": "Yuuki Yuuna wa Yuusha de Aru Jukai no Kioku",
    "Url": [
      "https://myrient.erista.me/files/Internet%20Archive/aitus95/PSVITA_MAIDUMP//Yuuki%20Yuuna%20wa%20Yuusha%20de%20Aru%20Jukai%20no%20Kioku.rar"
    ]
  },
  {
    "Name": "ZEN Pinball 2",
    "Url": [
      "https://myrient.erista.me/files/Internet%20Archive/aitus95/PSVITA_MAIDUMP//ZEN%20Pinball%202.rar"
    ]
  },
  {
    "Name": "Zero Escape Virtue's Last Reward",
    "Url": [
      "https://myrient.erista.me/files/Internet%20Archive/aitus95/PSVITA_MAIDUMP//Zero%20Escape%20Virtue%27s%20Last%20Reward.rar"
    ]
  },
  {
    "Name": "Zero Escape Zero Time Dilemma",
    "Url": [
      "https://myrient.erista.me/files/Internet%20Archive/aitus95/PSVITA_MAIDUMP//Zero%20Escape%20Zero%20Time%20Dilemma.rar"
    ]
  }
]